id,name,eps,gross_margin,op_margin,debt_ratio,roe,ocf,fcf,div_years,gross_margin_pct,op_margin_pct,debt_ratio_pct,roe_pct
1101,台泥,-1.6,0.18395746552656908,0.06727178792494613,0.5029073010638622,-0.05115154961725357,33191582.0,19629446.0,5.0,18.4,6.73,50.29,-5.12
1102,亞泥,3.0,0.1582085265307225,0.11833278529739825,0.37223314450372386,0.056663348056818226,16839301.0,11984292.0,5.0,15.82,11.83,37.22,5.67
1103,嘉泥,0.84,0.1616415568703805,-0.02659486090701698,0.42597809942223014,0.031258848304298904,281150.0,-387675.0,5.0,16.16,-2.66,42.6,3.13
1104,環泥,2.56,0.23223293405129355,0.1538368398033589,0.19642290816585542,0.07452385894188174,1295147.0,236970.0,5.0,23.22,15.38,19.64,7.45
1108,幸福,2.18,0.19129833043876815,0.24968826319348802,0.4336199526567409,0.1530059306375153,1112955.0,949188.0,5.0,19.13,24.97,43.36,15.3
1109,信大,1.03,0.15986184483539465,0.09548466119783669,0.10131789337738956,0.045699644908192935,773686.0,-330006.0,5.0,15.99,9.55,10.13,4.57
1110,東泥,0.36,0.15025515893778696,0.08482982624223406,0.26157117308754,0.02414237794215492,125843.0,-108666.0,5.0,15.03,8.48,26.16,2.41
1201,味全,0.4,0.27154130530768034,0.01676209101658981,0.5646425024817763,0.026638287642870108,1073453.0,-425893.0,5.0,27.15,1.68,56.46,2.66
1203,味王,1.81,0.3472893977518147,0.16536294414762542,0.29197627204826765,0.10806330736273756,1256175.0,928163.0,5.0,34.73,16.54,29.2,10.81
1210,大成,4.33,0.14683963998853014,0.04703349649815961,0.534239119851026,0.16115021734918575,6670312.0,1404779.0,5.0,14.68,4.7,53.42,16.12
1213,大飲,-0.85,-0.024895330654246466,-0.1617641618885881,0.1663196481500654,-0.0741735581537254,-62053.0,-72732.0,2.0,-2.49,-16.18,16.63,-7.42
1215,卜蜂,10.39,0.21239611303217243,0.13198452061581292,0.5955952294650173,0.24730492382971017,3687864.0,1850251.0,5.0,21.24,13.2,59.56,24.73
1216,統一,3.45,0.330795487045964,0.05182530328606968,0.7143160281767251,0.22990884446497079,75383767.0,30386670.0,5.0,33.08,5.18,71.43,22.99
1217,愛之味,0.42,0.27649561107359893,0.014746991301584779,0.44933399380884365,0.02810695035381053,164558.0,-469353.0,5.0,27.65,1.47,44.93,2.81
1218,泰山,1.59,0.17585956354942575,0.041501827203126083,0.1065154721581583,0.05996258373522359,-181273.0,-1351285.0,5.0,17.59,4.15,10.65,6.0
1219,福壽,0.45,0.08530444387614124,0.00022966217340933393,0.5234019832979975,-0.00011852017108735285,889251.0,403501.0,5.0,8.53,0.02,52.34,-0.01
1220,台榮,0.08,0.1051487580236668,0.01011531124300394,0.2743501900698117,0.01848816048619739,61410.0,-61137.0,5.0,10.51,1.01,27.44,1.85
1225,福懋油,1.62,0.09703534250795755,0.043705817302599426,0.4590155883862699,0.1205506592094501,835810.0,1218026.0,5.0,9.7,4.37,45.9,12.06
1227,佳格,1.33,0.2460948996388983,0.04718841205339958,0.3188698166462468,0.06644750926646538,2603059.0,700628.0,5.0,24.61,4.72,31.89,6.64
1229,聯華,2.57,0.25084517471164824,0.15068668926944306,0.18486305281164833,0.09751359284051248,6224986.0,4828790.0,5.0,25.08,15.07,18.49,9.75
1231,聯華食,3.81,0.20436490465512475,0.08862527318638475,0.5145354793879006,0.15703069649717813,854418.0,196800.0,5.0,20.44,8.86,51.45,15.7
1232,大統益,8.25,0.1344306909971152,0.07854480655039905,0.3863289513698071,0.23403025705180908,2064197.0,1644134.0,5.0,13.44,7.85,38.63,23.4
1233,天仁,0.75,0.5976023228885419,0.03272925519655602,0.3831517540846243,0.05000963569682332,222926.0,166486.0,5.0,59.76,3.27,38.32,5.0
1234,黑松,2.0,0.2907985232110769,0.04376697472884861,0.21224537252679046,0.04267357157685666,202536.0,236032.0,5.0,29.08,4.38,21.22,4.27
1235,興泰,-0.03,0.2745508539180102,0.02773953509540443,0.43157526957708864,-0.032041442559170595,-137998.0,721673.0,5.0,27.46,2.77,43.16,-3.2
1236,宏亞,-0.43,0.25337797599354184,-0.023523417545624183,0.28633988262975874,-0.014636010253332788,126670.0,438751.0,5.0,25.34,-2.35,28.63,-1.46
1256,鮮活果汁-KY,11.19,0.27723604291384824,0.1192646031143828,0.19229253404419597,0.09685348319157554,472496.0,-193648.0,5.0,27.72,11.93,19.23,9.69
1301,台塑,-1.58,0.031943824085370325,-0.042787885346313545,0.3484822946144438,-0.027665304226022893,6619088.0,522654.0,5.0,3.19,-4.28,34.85,-2.77
1303,南亞,0.57,0.08305542361333237,0.014249371509738321,0.3910908947339067,0.014242694852239364,8649366.0,-2683097.0,5.0,8.31,1.42,39.11,1.42
1304,台聚,-2.6,0.030511977687737224,-0.06003518520275279,0.4395093956900281,-0.3657843226610072,866773.0,-3094546.0,5.0,3.05,-6.0,43.95,-36.58
1305,華夏,-1.58,-0.03794781710174828,-0.13663903683697734,0.5272691216091876,-0.1271340631957495,-87482.0,-1689141.0,5.0,-3.79,-13.66,52.73,-12.71
1307,三芳,2.85,0.3164235817054237,0.14260722409725138,0.42150559801449505,0.11239849263794613,1528641.0,694838.0,5.0,31.64,14.26,42.15,11.24
1308,亞聚,-1.76,0.0434139879495164,0.000535244286606774,0.12557249622834807,-0.10203805906096339,241016.0,-325712.0,5.0,4.34,0.05,12.56,-10.2
1309,台達化,-1.07,0.040871602791750006,-0.029247848271682912,0.3285279509129083,-0.0742763172644717,734485.0,161846.0,5.0,4.09,-2.92,32.85,-7.43
1310,台苯,-1.37,-0.06252006046732127,-0.08327607261243546,0.24431666693435697,-0.09776993210087322,-102109.0,-84795.0,3.0,-6.25,-8.33,24.43,-9.78
1312,國喬,-3.97,-0.06917675476375791,-0.1788127342379135,0.516243935509067,-0.1582560851329506,-564518.0,-1701641.0,3.0,-6.92,-17.88,51.62,-15.83
1313,聯成,-1.17,0.02015412661843806,-0.024720967287538007,0.4499987151913809,-0.05278645754227533,1629114.0,984364.0,4.0,2.02,-2.47,45.0,-5.28
1314,中石化,-0.78,-0.0957125949522278,-0.18562981005599616,0.4099179303432773,-0.03595648210672584,-3846385.0,55791.0,2.0,-9.57,-18.56,40.99,-3.6
1315,達新,1.55,0.1452035325651228,-0.011421516612676963,0.060508932688503506,0.014904548380728902,248508.0,633369.0,5.0,14.52,-1.14,6.05,1.49
1316,上曜,-0.52,0.3896535031812425,0.07331865964133767,0.4572230166597663,0.18370837665331222,-453237.0,-2150769.0,2.0,38.97,7.33,45.72,18.37
1319,東陽,6.43,0.3358287111281172,0.18339618103149713,0.25671797835599375,0.13905121000073828,4417206.0,1254009.0,5.0,33.58,18.34,25.67,13.91
1321,大洋,-1.25,0.07214109153948137,-0.0370017296793278,0.4999362168136345,-0.04841088561057408,244474.0,-166467.0,5.0,7.21,-3.7,49.99,-4.84
1323,永裕,0.26,0.13320576833494405,-0.0015007841622078511,0.45387948608381534,0.009199833680612168,199913.0,177544.0,5.0,13.32,-0.15,45.39,0.92
1324,地球,-0.82,0.13704615527147235,-0.08809652592240377,0.1752965297906528,-0.06865714116056114,17406.0,-35166.0,5.0,13.7,-8.81,17.53,-6.87
1325,恆大,-0.7,-0.17831250751963698,-0.3246558154724051,0.03449845860956477,-0.024344190307433605,-10318.0,-97215.0,5.0,-17.83,-32.47,3.45,-2.43
1326,台化,-0.99,0.03249424622017849,-0.014088317309838262,0.2928703146167573,-0.016685004040417294,25105473.0,19329553.0,5.0,3.25,-1.41,29.29,-1.67
1337,再生-KY,-1.74,-0.18563133250243768,-0.6046061961506524,0.4209444126526827,-0.12728278945503121,-340490.0,-343744.0,,-18.56,-60.46,42.09,-12.73
1338,廣華-KY,-2.24,0.23514918574694943,-0.008310928105884435,0.5451327871892152,-0.028351793003451246,675702.0,-131051.0,5.0,23.51,-0.83,54.51,-2.84
1339,昭輝,2.41,0.34635662162633984,0.16361882952940623,0.17961276791651748,0.04224494614077499,740309.0,390532.0,5.0,34.64,16.36,17.96,4.22
1340,勝悅-KY,-2.61,-0.860617068453083,-3.340991649761759,0.11354667350290885,-0.1384571718973238,-59797.0,-193005.0,,-86.06,-334.1,11.35,-13.85
1341,富林-KY,3.71,0.2274896562147238,0.10957634691236744,0.42335445686214007,0.15181585368781272,436043.0,352469.0,5.0,22.75,10.96,42.34,15.18
1342,八貫,5.62,0.2696767500299736,0.18483800799132846,0.330816783921338,,427110.0,330312.0,5.0,26.97,18.48,33.08,
1402,遠東新,1.55,0.2038344791181525,0.07218512652838699,0.5304311778752092,0.073710434296613,42807971.0,30087026.0,5.0,20.38,7.22,53.04,7.37
1410,南染,0.58,0.2946012867180225,-0.0317182341488191,0.16740112628155515,0.027741127016436485,105025.0,-15189.0,5.0,29.46,-3.17,16.74,2.77
1413,宏洲,0.45,0.052825987646863394,0.030679913316620858,0.5846485280151599,,-21902.0,-68433.0,,5.28,3.07,58.46,
1414,東和,0.19,0.13144074387440283,-0.03395465306087566,0.3058337611636285,0.01449494415138828,193737.0,159435.0,5.0,13.14,-3.4,30.58,1.45
1416,廣豐,0.81,0.3637436415735578,-0.007277482840578422,0.26970197423636877,0.037619108495454814,179034.0,-47112.0,5.0,36.37,-0.73,26.97,3.76
1417,嘉裕,0.62,0.5354210208306507,-0.03787503590637598,0.16672127619078114,0.050056911478528615,63716.0,245806.0,5.0,53.54,-3.79,16.67,5.01
1418,東華,-1.29,0.7699380746856821,-14.03865640833177,0.7799008432594021,-0.056787346849297274,-600248.0,-585093.0,,76.99,-1403.87,77.99,-5.68
1419,新紡,4.11,0.2657204132601396,0.09180525704318417,0.30395778034974363,0.07020374350712616,462453.0,-45710.0,5.0,26.57,9.18,30.4,7.02
1423,利華,4.36,-0.13540544338782967,-0.7661380990303087,0.06295431972363573,,146342.0,60025.0,5.0,-13.54,-76.61,6.3,
1432,大魯閣,6.03,0.4149608929279977,-0.07957263558575423,0.5765041799061148,0.3733552503213404,-64644.0,577791.0,1.0,41.5,-7.96,57.65,37.34
1434,福懋,0.51,0.11185116906029159,0.02692843021706273,0.2590211063624626,0.02043656856397305,2557143.0,1739306.0,5.0,11.19,2.69,25.9,2.04
1435,中福,-0.41,0.6469408224674023,-10.108157806753594,0.15629774415889935,-0.22697124998031898,-56542.0,1619.0,,64.69,-1010.82,15.63,-22.7
1436,華友聯,5.39,0.502087428345848,0.3699929476688242,0.6798035641260448,0.14862377982323158,-1448796.0,-1471574.0,5.0,50.21,37.0,67.98,14.86
1437,勤益控,2.41,0.5450604827831792,0.441775744299727,0.3964451273131146,0.05925791306395293,220439.0,269310.0,5.0,54.51,44.18,39.64,5.93
1438,三地開發,1.74,0.3002341310307801,0.23885256734046845,0.7823964705200112,,-1617320.0,-1963092.0,3.0,30.02,23.89,78.24,
1439,雋揚,3.21,0.2671960014561626,0.14982855652961027,0.41533039778966574,0.11525958553110545,299796.0,429529.0,5.0,26.72,14.98,41.53,11.53
1440,南紡,-0.15,0.07318909959583829,-0.041194357033525315,0.38921254208193495,-0.00706393911984664,2518015.0,2270703.0,5.0,7.32,-4.12,38.92,-0.71
1441,大東,-0.45,0.06614103583816555,-0.03316028659971419,0.6681687011886495,-0.06862005003882322,184857.0,193435.0,,6.61,-3.32,66.82,-6.86
1442,名軒,3.03,0.48929787951559756,0.38748261658039646,0.4400522084231558,0.1384249241778889,795298.0,794527.0,5.0,48.93,38.75,44.01,13.84
1443,立益物流,1.13,0.4854976003590536,0.34448643603592577,0.7654908862439572,0.06739644952383606,340530.0,-139192.0,,48.55,34.45,76.55,6.74
1444,力麗,-0.78,0.025448000254180553,-0.05373064790454283,0.44503525941253885,-0.09291214005971142,-189301.0,-761951.0,2.0,2.54,-5.37,44.5,-9.29
1445,大宇,-0.87,0.11297481339891857,-0.1221334593788794,0.5249698130714434,-0.0533157657801896,144759.0,-1956321.0,4.0,11.3,-12.21,52.5,-5.33
1446,宏和,1.62,0.45382111732292807,0.32021268145538917,0.13076611527967258,0.08062765293720946,580473.0,580377.0,3.0,45.38,32.02,13.08,8.06
1447,力鵬,-0.97,0.007161339220830872,-0.01786669925932467,0.480625271876114,-0.11164516652884926,-225468.0,-640806.0,,0.72,-1.79,48.06,-11.16
1449,佳和,0.12,0.09318229565269587,-0.1115615480424376,0.635193294205721,0.08028747713981678,-115993.0,214574.0,,9.32,-11.16,63.52,8.03
1451,年興,1.76,0.11514529697210332,0.017943972819315625,0.15252546192227218,0.04738468689097101,-34166.0,-515344.0,5.0,11.51,1.79,15.25,4.74
1452,宏益,-0.41,0.01919395703739098,-0.04965505443326579,0.049546965062156924,-0.020391237837741688,-251032.0,-354780.0,5.0,1.92,-4.97,4.95,-2.04
1453,大將,0.04,2.848135593220339,-24.03593220338983,0.5038228801020208,0.003238101054291282,-395253.0,-361085.0,,284.81,-2403.59,50.38,0.32
1454,台富,-1.12,0.019607664536327563,-0.08354906730704795,0.3060403414890219,-0.09945276802968904,-12936.0,-303434.0,5.0,1.96,-8.35,30.6,-9.95
1455,集盛,-0.99,-0.02024072500297065,-0.0727758379207097,0.36879188388975714,-0.09043599982963704,1513375.0,1073675.0,2.0,-2.02,-7.28,36.88,-9.04
1456,怡華,3.41,0.3894758809202995,0.7823221241243874,0.8541649912062803,0.16490703931833825,-460181.0,-347630.0,4.0,38.95,78.23,85.42,16.49
1457,宜進,1.18,0.0966021828311662,0.20121931768309492,0.4851111732069374,0.07715932032504004,54774.0,1344826.0,5.0,9.66,20.12,48.51,7.72
1459,聯發,0.81,0.1293377342689863,0.04854774573152234,0.24817836415016373,0.12474852644320923,224829.0,974891.0,3.0,12.93,4.85,24.82,12.47
1460,宏遠,-0.27,0.14965932796112114,-0.009722917938374959,0.4970341316403144,-0.03140291877838652,1059290.0,476920.0,,14.97,-0.97,49.7,-3.14
1463,強盛新,0.13,0.10967173308758722,-0.00545018995939665,0.12913345960968683,0.01905273637038209,180602.0,196053.0,5.0,10.97,-0.55,12.91,1.91
1464,得力,0.35,0.19326039575938123,0.028805164716307445,0.6615052639231924,0.01068863912643772,1328022.0,1324596.0,4.0,19.33,2.88,66.15,1.07
1465,偉全,-0.33,-0.035063682245865195,-0.19360800816474896,0.10057008147452534,,-322289.0,227245.0,5.0,-3.51,-19.36,10.06,
1466,聚隆,-1.07,0.06743957012284672,-0.034316836663191866,0.555440690558586,-0.07550420534908762,278218.0,112851.0,2.0,6.74,-3.43,55.54,-7.55
1467,南緯,-0.45,0.19198226938785656,-0.00042567140342618875,0.6590994027243617,-0.04121831917650075,317251.0,-617790.0,1.0,19.2,-0.04,65.91,-4.12
1468,昶和,0.21,0.12812722077997418,-0.002749537110895177,0.5424420792601703,0.01961370127194541,151580.0,-314154.0,,12.81,-0.27,54.24,1.96
1470,大統新創,0.78,0.24188326635229124,0.10392056836421097,0.1265593476400472,0.0663697385960775,101195.0,37085.0,5.0,24.19,10.39,12.66,6.64
1471,首利,0.03,0.08526563038967154,-0.5244824546514748,0.07598712446351931,0.003472397447445683,-26377.0,-479187.0,,8.53,-52.45,7.6,0.35
1472,三洋實業,6.4,0.14094607451049068,0.10309354188614321,0.5761387932649956,0.14620003916363875,625173.0,282483.0,3.0,14.09,10.31,57.61,14.62
1473,台南,0.57,0.1567532403936049,0.01352165076963326,0.2853637451126008,0.02195428042417013,421693.0,224511.0,4.0,15.68,1.35,28.54,2.2
1474,弘裕,0.34,0.11326575886186321,0.0012333335390603624,0.410574296501056,0.019241374628355033,192671.0,77666.0,5.0,11.33,0.12,41.06,1.92
1475,業旺,2.72,0.22223605069654706,0.1694115054719953,0.32565903883304176,0.1157637783512855,132597.0,-62669.0,4.0,22.22,16.94,32.57,11.58
1476,儒鴻,20.1,0.2864351493117183,0.18667982319757767,0.15411677392925568,0.18608197546206975,7570085.0,5703872.0,5.0,28.64,18.67,15.41,18.61
1477,聚陽,14.65,0.24874531838959138,0.13595022222717942,0.4070486653258821,0.2612612862774985,4056556.0,3906330.0,5.0,24.87,13.6,40.7,26.13
1503,士電,6.27,0.208937799009601,0.1156380752082989,0.3868455757573515,0.0930665762092641,4096082.0,3874749.0,5.0,20.89,11.56,38.68,9.31
1504,東元,2.42,0.23825022066153465,0.0894770233210377,0.31964007854754306,0.06139142894420905,2831678.0,1328673.0,5.0,23.83,8.95,31.96,6.14
1506,正道,0.06,0.16334342732095614,-0.000924789682669292,0.12950137201715947,0.006855293806237211,35373.0,-190513.0,,16.33,-0.09,12.95,0.69
1512,瑞利,0.19,0.3208644258590062,-0.023835041573657317,0.7693207658807131,0.028396210985208045,-183668.0,-54729.0,,32.09,-2.38,76.93,2.84
1513,中興電,8.07,0.2574863405895109,0.1813126695756953,0.5621197728495838,0.19299001369531288,11876115.0,10740477.0,5.0,25.75,18.13,56.21,19.3
1514,亞力,3.3,0.18739194735010323,0.10108018829860811,0.5175274702104845,0.14323073478838716,488682.0,400140.0,5.0,18.74,10.11,51.75,14.32
1515,力山,0.97,0.1273135175800672,-0.0037796457138027833,0.5179436175503073,0.04390626317205563,119778.0,-598488.0,5.0,12.73,-0.38,51.79,4.39
1516,川飛,0.04,0.05840332935772832,-0.15161012002943638,0.010664981714438892,,-32403.0,-59502.0,3.0,5.84,-15.16,1.07,
1517,利奇,-0.69,0.03170020842198805,-0.1627302736768021,0.1676864354400813,-0.04048924590891772,-100056.0,-55930.0,5.0,3.17,-16.27,16.77,-4.05
1519,華城,13.99,0.4047535081296334,0.21402545963021746,0.6164517776424551,0.4126483451887908,5961517.0,4060717.0,5.0,40.48,21.4,61.65,41.26
1521,大億,0.87,0.16276933155443354,0.029452398773650062,0.37663944766650126,0.035601533446163465,77259.0,33792.0,5.0,16.28,2.95,37.66,3.56
1522,堤維西,1.72,0.21871875840037114,0.04912909702634438,0.7319290938148597,0.06462788672566654,974471.0,-2865306.0,5.0,21.87,4.91,73.19,6.46
1524,耿鼎,1.95,0.27873310289945935,0.1618600887947315,0.4199488726183463,0.13030566753299896,695379.0,245022.0,5.0,27.87,16.19,41.99,13.03
1525,江申,3.21,0.1478477273092176,0.03305316057351123,0.11973701527371577,0.046937545676665644,-66663.0,-70490.0,5.0,14.78,3.31,11.97,4.69
1526,日馳,-0.11,0.21778924282688683,-0.06685005557436136,0.41451972423486516,-0.004864437731895377,203580.0,190881.0,3.0,21.78,-6.69,41.45,-0.49
1527,鑽全,1.52,0.20929564559634792,0.06042970593525583,0.09976812700470804,,277716.0,327042.0,5.0,20.93,6.04,9.98,
1528,恩德,-0.35,0.31095858089702066,0.017317303361146265,0.5792390472891613,-0.03242352648594877,203498.0,-129818.0,3.0,31.1,1.73,57.92,-3.24
1529,樂事綠能,1.01,0.18643238179415506,0.07694360674372193,0.4075851044562213,0.09210761451333213,288714.0,453990.0,5.0,18.64,7.69,40.76,9.21
1530,亞崴,-2.45,0.14259144580058128,-0.03976238392624018,0.4202498686454707,-0.07345322760752819,119294.0,663074.0,5.0,14.26,-3.98,42.02,-7.35
1531,高林股,-0.12,0.20169913735587675,-0.02818462528791125,0.1590553133835041,-0.005913331306222813,419419.0,-201052.0,5.0,20.17,-2.82,15.91,-0.59
1532,勤美,0.98,0.2399350375265413,0.07284354351877728,0.6391281117966261,0.04821938198982102,2078857.0,731450.0,5.0,23.99,7.28,63.91,4.82
1533,車王電,0.58,0.29889648840441146,0.03713605497227109,0.6984110109845053,0.04834134180202542,-88452.0,-231778.0,2.0,29.89,3.71,69.84,4.83
1535,中宇,4.0,0.0941003716768923,0.04147006151210776,0.47389738168584083,0.1295823658305262,962050.0,854028.0,5.0,9.41,4.15,47.39,12.96
1536,和大,-2.74,0.02765968643342092,-0.10533851916054163,0.6354187921479004,-0.10049819262892659,940820.0,46257.0,5.0,2.77,-10.53,63.54,-10.05
1537,廣隆,7.95,0.2035690290113278,0.12071965004505314,0.242794494532839,0.14862490301147105,1227903.0,1138845.0,5.0,20.36,12.07,24.28,14.86
1538,正峰,-1.59,0.2305923745493181,-0.4450821242575723,0.4587331455530752,-0.37182214119315304,-64411.0,-37553.0,,23.06,-44.51,45.87,-37.18
1539,巨庭,0.21,0.0973986277361948,0.024501529089565786,0.2565947599444534,0.008519557095748425,53665.0,26330.0,5.0,9.74,2.45,25.66,0.85
1540,喬福,1.11,0.3391550944614888,0.20126756014855482,0.09822185157142527,,3590.0,-44435.0,4.0,33.92,20.13,9.82,
1541,錩泰,2.32,0.1838603090491182,0.0658383953384182,0.3352739984407615,0.0864040065830543,232548.0,228683.0,5.0,18.39,6.58,33.53,8.64
1558,伸興,5.52,0.26928805352431767,0.09008450168929341,0.34189066577590665,0.12188767324757864,1261718.0,864760.0,5.0,26.93,9.01,34.19,12.19
1560,中砂,9.28,0.32481123017126873,0.15992527125980507,0.35973729392742243,0.17149980170935133,1914083.0,1344.0,5.0,32.48,15.99,35.97,17.15
1563,巧新,1.42,0.21270232604002207,0.08071672462561728,0.5182260878460041,0.03643137862836257,1092886.0,729183.0,5.0,21.27,8.07,51.82,3.64
1568,倉佑,1.36,0.32380703521407805,0.15679386556697897,0.14856399620051244,0.07317080878820822,291559.0,66068.0,5.0,32.38,15.68,14.86,7.32
1582,信錦,3.45,0.2354281603408157,0.08665932669171598,0.4099620695596258,0.07369486160777058,338101.0,1005562.0,5.0,23.54,8.67,41.0,7.37
1583,程泰,-4.83,0.18137342547026547,-0.038472511604370645,0.49244197512475285,-0.1158134547620159,147037.0,774739.0,5.0,18.14,-3.85,49.24,-11.58
1587,吉茂,0.37,0.19053636253595982,0.02472511415318492,0.5768483999569012,0.019041216926771014,17675.0,-66970.0,5.0,19.05,2.47,57.68,1.9
1589,永冠-KY,-5.17,-0.007167218624882606,-0.16376317021547196,0.6389973405145212,-0.07051230590825001,-275367.0,-271489.0,2.0,-0.72,-16.38,63.9,-7.05
1590,亞德客-KY,42.0,0.45971632054755696,0.2996712345446519,0.08607596736221768,0.15974978727178762,7666588.0,6697519.0,5.0,45.97,29.97,8.61,15.97
1597,直得,0.91,0.4098607065173467,0.09268603797188127,0.41164334466737384,0.03297796583073988,123746.0,-1978.0,5.0,40.99,9.27,41.16,3.3
1598,岱宇,-3.35,0.35983617819256564,-0.06762052402524342,0.563148644202286,-0.15231765800673547,-397434.0,-873053.0,5.0,35.98,-6.76,56.31,-15.23
1603,華電,3.26,0.1317257369342276,0.10429294767534296,0.3771736725900063,0.06946775827313117,-237610.0,-415385.0,5.0,13.17,10.43,37.72,6.95
1604,聲寶,1.7,0.18679358701933862,0.04977551915684045,0.5198920682298134,0.07675044831221793,702849.0,-527181.0,5.0,18.68,4.98,51.99,7.68
1605,華新,0.75,0.06366392156190931,0.00010818805553018389,0.4196197269681414,0.014105338458459002,5269740.0,-6041233.0,5.0,6.37,0.01,41.96,1.41
1608,華榮,5.5,0.10368187389571538,0.08153983375974315,0.3514708748122494,0.2515634677879962,-164579.0,-1894.0,5.0,10.37,8.15,35.15,25.16
1609,大亞,1.65,0.13980430397517898,0.08776860463265886,0.6865791524159757,0.09504308040526604,-1260513.0,-5516990.0,5.0,13.98,8.78,68.66,9.5
1611,中電,0.03,0.31871885413226864,0.06837080844165591,0.18523224417087775,0.0021903723061953493,251648.0,399018.0,5.0,31.87,6.84,18.52,0.22
1612,宏泰,2.77,0.1488959613056688,0.11651607981500466,0.12408260333625822,0.10306914251118734,1363990.0,1345591.0,5.0,14.89,11.65,12.41,10.31
1614,三洋電,0.97,0.20295958427933866,0.045798772152471454,0.17431760841501068,0.04409330983598936,411885.0,122070.0,5.0,20.3,4.58,17.43,4.41
1615,大山,4.81,0.22691884612284316,0.186486249724386,0.2913852973154875,0.2141851157698596,383546.0,205817.0,5.0,22.69,18.65,29.14,21.42
1616,億泰,1.55,0.15042511570978107,0.1074678534868283,0.481364584502563,0.1324714780208409,245320.0,-10483.0,3.0,15.04,10.75,48.14,13.25
1617,榮星,0.68,0.07225575063385498,-0.0002771210689023478,0.3054343107205163,0.04749803295043721,-105393.0,224295.0,5.0,7.23,-0.03,30.54,4.75
1618,合機,4.21,0.18921208821262833,0.15618935599847245,0.218710882938827,0.12289594942256468,57841.0,97116.0,5.0,18.92,15.62,21.87,12.29
1623,大東電,13.61,0.18658733714341066,0.1514970395214801,0.5867768420901809,0.2899436019590982,-88685.0,-231092.0,3.0,18.66,15.15,58.68,28.99
1626,艾美特-KY,-0.86,0.1960226066233778,-0.013530409742161886,0.6611527586044614,-0.04654805737805716,-17693.0,-1985.0,4.0,19.6,-1.35,66.12,-4.65
1702,南僑,1.12,0.24771257858070597,0.0250757667944062,0.5356756937644479,0.03614560422078737,539082.0,-2971886.0,5.0,24.77,2.51,53.57,3.61
1707,葡萄王,8.22,0.7507905833690269,0.20889515175523213,0.23331024103064824,0.17994254207838864,2179812.0,1573554.0,5.0,75.08,20.89,23.33,17.99
1708,東鹼,3.28,0.31865491587620415,0.18210460386562413,0.409628090995056,0.1107838721758936,1498442.0,1327586.0,5.0,31.87,18.21,40.96,11.08
1709,和益,1.23,0.14891149083094013,0.0700752578737389,0.23993987049982607,0.06550284416230114,563305.0,811836.0,5.0,14.89,7.01,23.99,6.55
1710,東聯,-1.01,0.008619593364129086,-0.04055389755545568,0.6457972640920943,-0.12336938204520204,-91119.0,-1529596.0,4.0,0.86,-4.06,64.58,-12.34
1711,永光,-0.21,0.18968962977702272,-0.025896820193605823,0.3406543683241929,-0.016650424487686537,837813.0,-17073.0,5.0,18.97,-2.59,34.07,-1.67
1712,興農,2.6,0.3049287545897571,0.06963658398163355,0.43864181794618634,0.1282921365758453,2022720.0,1156758.0,5.0,30.49,6.96,43.86,12.83
1713,國化,3.87,0.04531760143639059,-0.1722538376930802,0.04168080945121299,,119922.0,1092309.0,5.0,4.53,-17.23,4.17,
1714,和桐,0.5,0.10432309859789338,0.05234777832538913,0.30985625002825107,0.09843115667508338,1126972.0,446397.0,5.0,10.43,5.23,30.99,9.84
1717,長興,1.41,0.2056858858538664,0.041581324402803245,0.5307738626664793,0.061901484151287677,4265181.0,1454310.0,5.0,20.57,4.16,53.08,6.19
1720,生達,5.19,0.4141817806429566,0.19404629771359208,0.21270893801008706,0.2049962079434808,1766827.0,693661.0,5.0,41.42,19.4,21.27,20.5
1721,三晃,-1.84,-0.07303140655312249,-0.1882719718812209,0.4653914355145234,-0.20617544754238676,247697.0,148133.0,3.0,-7.3,-18.83,46.54,-20.62
1722,台肥,0.95,0.13096013479477375,0.029955055999445385,0.3342540734374839,0.017176310882126962,2370254.0,-605923.0,5.0,13.1,3.0,33.43,1.72
1723,中碳,2.65,0.18927132952723008,0.09146921332471854,0.31676072596257665,0.07876720695181126,879285.0,509842.0,5.0,18.93,9.15,31.68,7.88
1725,元禎,1.53,0.04594176682846369,0.018151987489753517,0.24569795530785046,0.04193494102345729,361481.0,445782.0,5.0,4.59,1.82,24.57,4.19
1726,永記,5.5,0.26672242947341956,0.11121001032650878,0.13861107860190922,0.08548947669593258,1449625.0,1369629.0,5.0,26.67,11.12,13.86,8.55
1727,中華化,0.04,0.10970264228818886,0.0005123705236132227,0.4039154411817033,0.030469516968695973,110635.0,-469475.0,5.0,10.97,0.05,40.39,3.05
1730,花仙子,4.5,0.5097335540896518,0.1534521785173916,0.2107708144696113,0.15393874294640167,428277.0,140143.0,5.0,50.97,15.35,21.08,15.39
1731,美吾華,1.36,0.6323402133119538,0.13722101050146301,0.331900822872393,0.08368366813365752,223243.0,245366.0,5.0,63.23,13.72,33.19,8.37
1732,毛寶,0.69,0.4124194198227236,0.06596465137223302,0.25129800689291554,0.05834024615617211,42085.0,80215.0,4.0,41.24,6.6,25.13,5.83
1733,五鼎,1.63,0.2770009054417512,0.07235615893202091,0.22572806993941977,0.0871993393649089,160116.0,154573.0,5.0,27.7,7.24,22.57,8.72
1734,杏輝,1.92,0.4321424747154009,0.12364826725191698,0.3962056216022948,0.10286964705144469,584662.0,360036.0,4.0,43.21,12.36,39.62,10.29
1735,日勝化,0.78,0.18131408485128428,0.022668221988470533,0.4747211436788902,0.050002705495247345,212584.0,354894.0,5.0,18.13,2.27,47.47,5.0
1736,喬山,9.06,0.5056265567662951,0.06611051887534612,0.725983538389713,0.20030360707109346,2576866.0,806103.0,5.0,50.56,6.61,72.6,20.03
1737,臺鹽,2.0,0.4060302449465785,0.1439510106842904,0.17534430305567486,0.05777801651010131,432048.0,160619.0,5.0,40.6,14.4,17.53,5.78
1752,南光,2.42,0.3555881044372029,0.13674384359023928,0.3488280368292797,0.098202273786722,464078.0,182143.0,5.0,35.56,13.67,34.88,9.82
1760,寶齡富錦,2.22,0.5412694243265458,0.14919511173834152,0.3942201397284583,0.09728996624480345,309571.0,180389.0,5.0,54.13,14.92,39.42,9.73
1762,中化生,-4.39,-0.011012849152293887,-0.3970017816364716,0.28489979855712516,-0.07898287846495688,142611.0,80808.0,5.0,-1.1,-39.7,28.49,-7.9
1773,勝一,6.81,0.34621246546467116,0.2068580767758598,0.3320358967618224,0.18188106871836554,3051128.0,1108277.0,5.0,34.62,20.69,33.2,18.19
1776,展宇,0.28,0.1725299589698686,0.03360964421180691,0.3687074597956706,0.015312799980593313,183581.0,177023.0,5.0,17.25,3.36,36.87,1.53
1783,和康生,2.96,0.6946118851994421,0.3216530058011445,0.18780577473850352,0.1725495398995447,290220.0,-92770.0,5.0,69.46,32.17,18.78,17.25
1786,科妍,2.24,0.7200283773693863,0.21420627956445926,0.2582223639008248,0.08197920043792804,123988.0,-18749.0,5.0,72.0,21.42,25.82,8.2
1789,神隆,0.17,0.34659903104928774,0.034426643046675406,0.11241515552097894,0.013012296649312947,595908.0,-855588.0,5.0,34.66,3.44,11.24,1.3
1795,美時,18.14,0.580544825284159,0.2878628676678885,0.7759870428161535,0.19848955351117348,7481979.0,-4985917.0,4.0,58.05,28.79,77.6,19.85
1802,台玻,-0.2,0.11603269570324001,0.008938631740557071,0.44591543162658653,-0.01485199652129478,2417788.0,-1499328.0,2.0,11.6,0.89,44.59,-1.49
1805,寶徠,0.2,0.2927635387611178,0.09569671771661141,0.18757347807369332,0.01605500639323301,-312034.0,-316349.0,,29.28,9.57,18.76,1.61
1806,冠軍,0.29,0.22815314196109612,0.030403670636563913,0.35578097057963287,0.021307377042954646,274978.0,99060.0,4.0,22.82,3.04,35.58,2.13
1808,潤隆,1.36,0.38744833822542585,0.27419615302492034,0.7720122005702408,0.1013150578538571,-1057194.0,-959048.0,5.0,38.74,27.42,77.2,10.13
1809,中釉,0.19,0.19895032628132184,0.010021869537120157,0.2673981681064338,0.008192980342104122,67771.0,144616.0,5.0,19.9,1.0,26.74,0.82
1810,和成,0.05,0.2581235846586711,-0.010808549841192092,0.3305212065625441,0.00254135747739406,445111.0,95830.0,5.0,25.81,-1.08,33.05,0.25
1817,凱撒衛,3.61,0.36822970673663585,0.1239959592024581,0.2176994455417694,0.11727354301605558,467278.0,330241.0,5.0,36.82,12.4,21.77,11.73
1903,士紙,1.29,0.6519433245919606,-0.14312367085469752,0.47671906726269875,0.060757957515160034,161830.0,235677.0,,65.19,-14.31,47.67,6.08
1904,正隆,0.74,0.1797998078428133,0.043769395463273,0.5827687382190548,0.027270222195680642,5108540.0,-978255.0,5.0,17.98,4.38,58.28,2.73
1905,華紙,-0.56,0.02682214746093287,-0.08144869894166838,0.5403926333116451,-0.0390443599332723,-1041573.0,-1141478.0,3.0,2.68,-8.14,54.04,-3.9
1906,寶隆,0.01,0.09314337062012021,0.029139100090694117,0.49638789266417327,,516409.0,314882.0,5.0,9.31,2.91,49.64,
1907,永豐餘,1.19,0.12960191123712725,-0.011288534874814326,0.4662059395991439,0.028834178677062092,4453187.0,-701834.0,5.0,12.96,-1.13,46.62,2.88
1909,榮成,-0.39,0.09850338302239153,-0.00029938647134157955,0.7043530496838956,-0.02573185032192653,1141401.0,-246821.0,3.0,9.85,-0.03,70.44,-2.57
2002,中鋼,-0.29,0.028456904312961363,-0.012309674292525694,0.5103947658454496,-0.01198325122841959,49299218.0,17336534.0,5.0,2.85,-1.23,51.04,-1.2
2006,東和鋼鐵,6.47,0.14824861311646867,0.10106117083036364,0.3372270038570724,0.138531062681819,8642137.0,7228696.0,5.0,14.82,10.11,33.72,13.85
2007,燁興,-2.24,-0.1179299852287276,-0.15478018363015944,0.6578132918367998,0.001765622234926235,-658065.0,-907179.0,,-11.79,-15.48,65.78,0.18
2008,高興昌,0.68,0.1679821302977129,0.08885194751489829,0.5457934790977635,,169550.0,-107998.0,4.0,16.8,8.89,54.58,
2009,第一銅,0.34,-0.004051659955204908,-0.025908800992968196,0.1644104516885785,,198745.0,116778.0,5.0,-0.41,-2.59,16.44,
2010,春源,2.32,0.10990214632188619,0.07162622013245315,0.4509983073128017,0.1177834146740407,1992929.0,699514.0,5.0,10.99,7.16,45.1,11.78
2012,春雨,0.2,0.1376718306904139,0.03600155470806552,0.6026374809505594,0.031402704951208026,808536.0,95183.0,5.0,13.77,3.6,60.26,3.14
2013,中鋼構,3.19,0.04701779811994111,0.02867013425445908,0.6205303358709178,0.11245835445006912,3060312.0,2937313.0,5.0,4.7,2.87,62.05,11.25
2014,中鴻,-1.29,-0.08361693266491266,-0.10554595066207524,0.5495319300433918,-0.15256916382504912,2450880.0,2056829.0,4.0,-8.36,-10.55,54.95,-15.26
2015,豐興,3.88,0.11532674357416858,0.08617720713692084,0.12491159748505946,0.0996969923440334,5188299.0,4611700.0,5.0,11.53,8.62,12.49,9.97
2017,官田鋼,-0.56,0.004381540766250286,-0.14729584324178424,0.528878228408205,-0.06336921556028921,-95158.0,-1090173.0,3.0,0.44,-14.73,52.89,-6.34
2020,美亞,2.13,0.18654335484333398,0.07991053076506315,0.5065903153384176,0.12709249442653223,-304824.0,-98703.0,5.0,18.65,7.99,50.66,12.71
2022,聚亨,-0.02,0.10007363818335169,0.010037551298645064,0.3331048953763399,0.034930035678135,-373593.0,-854462.0,2.0,10.01,1.0,33.31,3.49
2023,燁輝,-1.85,0.08266704386578333,0.0008127731123185713,0.6674242942458458,-0.12299948090162666,2692353.0,-4034810.0,4.0,8.27,0.08,66.74,-12.3
2024,志聯,-0.06,0.0682638654340488,0.006386907446470718,0.3261031998781275,,80668.0,79827.0,3.0,6.83,0.64,32.61,
2025,千興,-0.18,-0.28921590181795087,-0.23115604281784827,0.3322325428399192,,-564767.0,-691213.0,,-28.92,-23.12,33.22,
2027,大成鋼,2.88,0.2472648740678142,0.13804092083100972,0.4234093148095987,0.10925582808227334,3005741.0,-5199969.0,5.0,24.73,13.8,42.34,10.93
2028,威致,0.28,0.03926194709225403,0.016292995061041617,0.43214591109766,,1648184.0,1348424.0,5.0,3.93,1.63,43.21,
2029,盛餘,0.74,0.10302089761877312,0.022153073380911152,0.10290884204197318,0.025022644365647103,1104105.0,617448.0,5.0,10.3,2.22,10.29,2.5
2030,彰源,0.35,0.09353090870825873,0.021764636564384487,0.571603948832993,0.019792463295329066,1171697.0,639997.0,5.0,9.35,2.18,57.16,1.98
2031,新光鋼,3.3,0.08880395992616066,0.053892909616932064,0.5662373602283515,0.09371515959599402,2707286.0,2570100.0,5.0,8.88,5.39,56.62,9.37
2032,新鋼,0.56,0.04155540803271719,0.00820856090594367,0.19029664390026643,,75036.0,31908.0,5.0,4.16,0.82,19.03,
2033,佳大,0.35,0.14236661045771165,0.04325528115150092,0.1445377117034981,,71545.0,-13499.0,4.0,14.24,4.33,14.45,
2034,允強,0.21,0.08497556209259857,0.015526797030873576,0.55874913293259,0.01111279145536682,306609.0,-620206.0,4.0,8.5,1.55,55.87,1.11
2038,海光,-0.56,0.013177027503318632,-0.008705153643266553,0.5865820359906998,-0.033771503333151986,374428.0,181275.0,2.0,1.32,-0.87,58.66,-3.38
2049,上銀,4.31,0.2875964270661748,0.06772672452187598,0.30829845749397944,0.03775871138913043,4277241.0,1459366.0,5.0,28.76,6.77,30.83,3.78
2059,川湖,103.23,0.7604712841404299,0.6907483959922734,0.20116265122948618,0.3509984082971077,11333685.0,10406875.0,5.0,76.05,69.07,20.12,35.1
2062,橋椿,0.39,0.09710216327155026,0.011327461943092827,0.3234689475585954,0.010350550291988314,1187410.0,174626.0,5.0,9.71,1.13,32.35,1.04
2069,運錩,1.62,0.09358938233647093,0.03625924248206789,0.5387230258010822,0.06485357358535562,1321964.0,450021.0,5.0,9.36,3.63,53.87,6.49
2072,世紀風電,11.94,0.2842757974399983,0.22648488030310918,0.19030198162398057,0.1031268328944714,5012166.0,4946579.0,5.0,28.43,22.65,19.03,10.31
2101,南港,1.01,0.21446802172061658,0.06864572522568518,0.7666467324660479,0.06393129326529966,1815626.0,-1423948.0,3.0,21.45,6.86,76.66,6.39
2102,泰豐,6.28,0.20404209861125738,-0.8500218166498653,0.21470080115859658,0.29900107426081857,-256774.0,6617680.0,1.0,20.4,-85.0,21.47,29.9
2103,台橡,0.54,0.09803951136606781,0.026953620529933584,0.5027185946874184,0.030507597358205817,1767053.0,1117420.0,5.0,9.8,2.7,50.27,3.05
2104,國際中橡,-4.28,-0.05218391636643584,-0.14574291763387784,0.4813943858021489,-0.1834504200356728,1165944.0,1814549.0,3.0,-5.22,-14.57,48.14,-18.35
2105,正新,1.5,0.2272730096710241,0.07881936846784199,0.38736156677612144,0.05559243202809475,13554220.0,2770754.0,5.0,22.73,7.88,38.74,5.56
2106,建大,0.13,0.1916258169670032,0.016816151353812526,0.5700671066262037,0.006411731894131548,2230701.0,2193946.0,5.0,19.16,1.68,57.01,0.64
2107,厚生,1.67,0.3415000443341018,0.19595326631494947,0.12532568476757025,0.03766392456253099,692123.0,1341922.0,5.0,34.15,19.6,12.53,3.77
2108,南帝,0.83,0.22337860575928445,0.07375522302632743,0.10226918216848045,0.05022723763665654,1466411.0,-217623.0,5.0,22.34,7.38,10.23,5.02
2109,華豐,1.16,0.21879100850137725,0.10902451302632557,0.3888555991452472,0.11820566955365375,755521.0,567075.0,5.0,21.88,10.9,38.89,11.82
2114,鑫永銓,5.78,0.3973152151172769,0.31180761651585553,0.16656992121179792,,613603.0,279542.0,5.0,39.73,31.18,16.66,
2115,六暉-KY,1.58,0.2065544745311722,0.08549869257633799,0.3017929020779083,0.05130943480199961,349409.0,188503.0,5.0,20.66,8.55,30.18,5.13
2201,裕隆,0.93,0.3226446475989594,0.08162542002736586,0.7440951754739475,0.0568253274861988,19030973.0,12961465.0,5.0,32.26,8.16,74.41,5.68
2204,中華,5.47,0.15148319526070023,0.03543325696890459,0.22738733172749714,0.08413585255042226,1102301.0,823654.0,5.0,15.15,3.54,22.74,8.41
2206,三陽工業,5.78,0.2074508891714248,0.08697430054920363,0.5645154804716868,0.186786280753309,4399512.0,773073.0,5.0,20.75,8.7,56.45,18.68
2208,台船,-1.77,-0.10154614881513041,-0.13594039001856958,0.8462121795593367,-0.3164431395052052,-9521717.0,-10370144.0,,-10.15,-13.59,84.62,-31.64
2211,長榮鋼,8.6,0.2766768390188071,0.23425012864470487,0.2153790647063437,0.14916617366075002,1860761.0,2489196.0,5.0,27.67,23.43,21.54,14.92
2227,裕日車,1.3,0.09469773242568946,-0.04046517618570833,0.20806846445256724,0.021553590406883722,169076.0,589296.0,5.0,9.47,-4.05,20.81,2.16
2228,劍麟,5.25,0.2359574943087153,0.09160435085039238,0.25337210013642225,0.08312568434675982,635481.0,847568.0,5.0,23.6,9.16,25.34,8.31
2231,為升,-1.63,0.32620568482241086,-0.026851836647564,0.5934420657637359,-0.1352537477687699,-26329.0,-504386.0,5.0,32.62,-2.69,59.34,-13.53
2233,宇隆,6.7,0.30993523848841154,0.1263947206344912,0.4014590529711282,0.1009764832061855,648385.0,400245.0,5.0,30.99,12.64,40.15,10.1
2236,百達-KY,-6.81,0.10682567789083064,-0.0024283072842675828,0.7128250775526306,-0.19648229069314596,-152344.0,-494586.0,5.0,10.68,-0.24,71.28,-19.65
2239,英利-KY,-7.87,0.10017119241484626,-0.026811988980896387,0.512996983693827,-0.09990993722895125,2544518.0,2425730.0,4.0,10.02,-2.68,51.3,-9.99
2241,艾姆勒,-0.7,0.03502737985830191,-0.16615920795708833,0.33544790431537114,-0.05664486881437213,-46471.0,358521.0,1.0,3.5,-16.62,33.54,-5.66
2243,宏旭-KY,1.22,0.14393700678738755,0.05950981767664803,0.7613010345091723,0.10480948292204244,112855.0,40973.0,,14.39,5.95,76.13,10.48
2247,汎德永業,18.32,0.11173538067870031,0.03498373976660338,0.40976022203606505,0.11510096216489359,2583606.0,310224.0,5.0,11.17,3.5,40.98,11.51
2248,華勝-KY,5.32,0.30730555425094136,0.13999968043677513,0.4511176349708838,0.14901966921435097,190737.0,108322.0,5.0,30.73,14.0,45.11,14.9
2250,IKKA-KY,3.99,0.17008109387598977,0.047888655003346936,0.40987761801640393,0.05874504659278255,300581.0,245881.0,5.0,17.01,4.79,40.99,5.87
2254,巨鎧精密-創,-0.84,0.21977909271868334,-0.08485694610440035,0.49474271441230894,-0.04851896784394978,86003.0,61171.0,3.0,21.98,-8.49,49.47,-4.85
2258,鴻華先進-創,-2.15,0.1997179289482893,-0.9492616978333152,0.21051985721186686,-0.27952052472401295,-1516381.0,-2467050.0,,19.97,-94.93,21.05,-27.95
2301,光寶科,6.64,0.2290350741725349,0.10077861462374484,0.5625458806095073,0.16824144490554743,14532847.0,7138087.0,5.0,22.9,10.08,56.25,16.82
2302,麗正,0.49,0.366291938214735,0.13852971500458755,0.30619460197840487,0.04527988213393328,98484.0,-16094.0,5.0,36.63,13.85,30.62,4.53
2303,聯電,3.34,0.29006765343538904,0.1850056668780116,0.34394117732165574,0.10936866459865992,99864187.0,46709755.0,5.0,29.01,18.5,34.39,10.94
2305,全友,0.2,0.4452032128191215,0.009796552717431352,0.20874783761946186,0.038554522252910534,140197.0,50985.0,,44.52,0.98,20.87,3.86
2308,台達電,23.14,0.3426953340371138,0.15126025859101716,0.49127651541090267,0.25343886055455406,98474281.0,45260075.0,5.0,34.27,15.13,49.13,25.34
2312,金寶,1.05,0.06315092762415833,0.02439146163215114,0.690249974803477,0.09456743479199194,6205324.0,3694709.0,5.0,6.32,2.44,69.02,9.46
2313,華通,5.51,0.18583413819260558,0.10724324394883093,0.4711133789325447,0.13720229147266544,11287792.0,4526509.0,5.0,18.58,10.72,47.11,13.72
2314,台揚,-6.11,-0.015170096728212316,-0.4396723921759319,0.9589865349027225,-4.789996973700721,-84866.0,-55547.0,,-1.52,-43.97,95.9,-479.0
2316,楠梓電,13.38,-0.004694774172779668,-0.1319416296179049,0.3174985432294128,0.1929936346757616,342793.0,233498.0,5.0,-0.47,-13.19,31.75,19.3
2317,鴻海,13.61,0.061477797778782095,0.031990572451148745,0.6139295004838159,0.12129846999181469,226852474.0,-77836798.0,5.0,6.15,3.2,61.39,12.13
2321,東訊,-0.76,0.30120899703484466,-0.008450419654119818,0.637679433350763,-0.02916506628188226,-7720.0,-13216.0,,30.12,-0.85,63.77,-2.92
2323,中環,1.58,0.2398655045139964,-0.012939454756458033,0.3204086780329052,0.08933861232500977,-1330068.0,-77144.0,3.0,23.99,-1.29,32.04,8.93
2324,仁寶,1.38,0.05643027816960455,0.014041276623320921,0.6635350659724879,0.05993937843933318,29772753.0,16370726.0,5.0,5.64,1.4,66.35,5.99
2327,國巨*,11.51,0.36206887991347264,0.22418307690567044,0.5547559348211697,0.1391450720904842,30863137.0,27137851.0,5.0,36.21,22.42,55.48,13.91
2328,廣宇,1.56,0.1221981844613338,0.05249113274871951,0.2828023475009967,0.059480514586492804,1065564.0,552590.0,5.0,12.22,5.25,28.28,5.95
2329,華泰,2.45,0.15058904469883141,0.0768068949375438,0.4615200275366258,0.12644539750863307,1678081.0,-927500.0,5.0,15.06,7.68,46.15,12.64
2330,台積電,66.26,0.5989134877309514,0.5082867133797562,0.3116376091916258,0.31651746401375763,2274975625.0,1130582218.0,5.0,59.89,50.83,31.16,31.65
2331,精英,1.41,0.10756631550517265,0.003229148363021411,0.528463449086143,0.0731530242829708,338801.0,-719395.0,5.0,10.76,0.32,52.85,7.32
2332,友訊,-0.9,0.24597219469801007,-0.025262326626452763,0.32042317541576903,-0.04890750755398814,-211608.0,-914842.0,5.0,24.6,-2.53,32.04,-4.89
2337,旺宏,-1.77,0.17766670662513478,-0.1280328529245132,0.4164665434443411,-0.07215702379466965,4837543.0,3113066.0,4.0,17.77,-12.8,41.65,-7.22
2338,光罩,-4.88,0.07846680784866818,-0.10076714923264375,0.7513660822362713,-0.34513745418992076,2376513.0,882931.0,4.0,7.85,-10.08,75.14,-34.51
2340,台亞,-2.88,-0.031812975797942115,-0.29720718815334635,0.5193415219081835,-0.20975352871461925,-300947.0,-1264931.0,4.0,-3.18,-29.72,51.93,-20.98
2342,茂矽,-0.49,0.14871360894870486,-0.04268188223998398,0.25132138512794616,-0.03300890095446548,108136.0,82137.0,5.0,14.87,-4.27,25.13,-3.3
2344,華邦電,0.88,0.34892589237492344,0.0619023937396894,0.40616627532290395,0.029438268709817552,11182762.0,3524916.0,4.0,34.89,6.19,40.62,2.94
2345,智邦,47.13,0.18089123600474022,0.12940835387516553,0.5976070039938748,0.45718037669059863,34852264.0,15703757.0,5.0,18.09,12.94,59.76,45.72
2347,聯強,5.08,0.042573720772911584,0.0208268129030859,0.61718415093661,0.11344530752270574,11446179.0,18368178.0,5.0,4.26,2.08,61.72,11.34
2348,海悅,6.85,0.35999596361432223,0.244824198948119,0.7805969258473439,0.13942616006033834,-1077825.0,-1551362.0,5.0,36.0,24.48,78.06,13.94
2349,錸德,-0.36,0.13691939109987125,-0.01586398591753978,0.4848422943917359,-0.03599541030583507,68819.0,-2148331.0,,13.69,-1.59,48.48,-3.6
2351,順德,1.66,0.13321002893551442,0.04867062629077074,0.4286093849382743,0.049527087273913584,1284482.0,279514.0,5.0,13.32,4.87,42.86,4.95
2352,佳世達,0.64,0.16844663613874028,0.015346796097758384,0.7054872176591731,0.04881121278740419,9105894.0,1818665.0,5.0,16.84,1.53,70.55,4.88
2353,宏碁,1.26,0.1088072734857913,0.018661985616397783,0.614169378759296,0.07638717749088034,-3189721.0,-5009606.0,5.0,10.88,1.87,61.42,7.64
2354,鴻準,2.32,0.03742531849455897,0.015660259467293068,0.32670542005009506,0.0290706457229667,3513000.0,6369869.0,5.0,3.74,1.57,32.67,2.91
2355,敬鵬,1.6,0.11502361846671084,0.030415176043503807,0.28535313085792274,0.03672823148106167,1669457.0,438205.0,5.0,11.5,3.04,28.54,3.67
2356,英業達,2.42,0.053118061146012044,0.018392324837023254,0.769507126036206,0.12195446836376307,13993283.0,16995574.0,5.0,5.31,1.84,76.95,12.2
2357,華碩,59.99,0.1510553212859345,0.05366871577731435,0.5289162799200747,0.17971360744442097,30330334.0,22147448.0,5.0,15.11,5.37,52.89,17.97
2359,所羅門,1.23,0.22658894445108763,0.016069516878783285,0.37919417277258083,0.04133609107193683,471688.0,720732.0,5.0,22.66,1.61,37.92,4.13
2360,致茂,27.7,0.6154806261255589,0.32487503503504916,0.30938419749780977,0.373879214986194,5257632.0,6686068.0,5.0,61.55,32.49,30.94,37.39
2362,藍天,2.05,0.22388669342274597,0.07902325080677089,0.5699071861992115,0.027491128441894698,-447921.0,-299305.0,5.0,22.39,7.9,56.99,2.75
2363,矽統,1.53,0.3111600039274945,-0.03372292802511895,0.09970493244964154,0.04128969950572122,654560.0,695665.0,5.0,31.12,-3.37,9.97,4.13
2364,倫飛,4.2,0.3980770290849849,0.1327051832015998,0.4658600875112025,0.2598485479895698,216216.0,182430.0,3.0,39.81,13.27,46.59,25.98
2365,昆盈,0.32,0.40975271117115086,0.055119850234113435,0.12627010651818285,0.02303569373481722,103837.0,76998.0,3.0,40.98,5.51,12.63,2.3
2367,燿華,0.68,0.14862770831816322,0.028061112533316064,0.481499784284552,0.03767628507862791,1931144.0,-278483.0,4.0,14.86,2.81,48.15,3.77
2368,金像電,19.47,0.32802567132545263,0.23403930800467532,0.5579831914800698,0.28692349031286524,2258811.0,-4774487.0,5.0,32.8,23.4,55.8,28.69
2369,菱生,-1.05,-0.015757180584148107,-0.08175083222771463,0.3446375408211515,-0.08708091059488508,92597.0,-249527.0,3.0,-1.58,-8.18,34.46,-8.71
2371,大同,-5.2,0.1694621870275428,0.04237847277769102,0.628716776890399,-0.24221817140722318,2256038.0,-1139153.0,2.0,16.95,4.24,62.87,-24.22
2373,震旦行,3.87,0.4540474843997031,0.08037382184626844,0.5073365414788233,0.12480443218394248,1081125.0,1117935.0,5.0,45.4,8.04,50.73,12.48
2374,佳能,2.44,0.2519134733391467,0.08880296644382005,0.3295945073878007,0.09371578542410823,12631.0,-653558.0,5.0,25.19,8.88,32.96,9.37
2375,凱美,3.73,0.20013647123401698,0.08825692801593223,0.321811201039457,0.04105443330500861,775551.0,1685904.0,5.0,20.01,8.83,32.18,4.11
2376,技嘉,18.2,0.10442644026921856,0.04977908607510979,0.6080130064003086,0.2247826909436455,5088944.0,3758136.0,5.0,10.44,4.98,60.8,22.48
2377,微星,6.8,0.1095264852303466,0.027750886372343454,0.5485712301026386,0.10526671278064409,3971438.0,1560017.0,5.0,10.95,2.78,54.86,10.53
2379,瑞昱,28.77,0.5001670002923727,0.11702604164680218,0.5980697897713395,0.28261775404518047,23015343.0,6635058.0,5.0,50.02,11.7,59.81,28.26
2380,虹光,0.72,0.3053716259987044,0.021774994601597927,0.775173830118788,0.07722415406889863,139861.0,81633.0,,30.54,2.18,77.52,7.72
2382,廣達,19.45,0.06984658901495215,0.04115296100541389,0.8095880693971418,0.31113899086107993,-10364961.0,-18702508.0,5.0,6.98,4.12,80.96,31.11
2383,台光電,41.67,0.2983210011718791,0.20271750296290353,0.5326288597276595,0.2902535329000684,11967828.0,2080273.0,5.0,29.83,20.27,53.26,29.03
2385,群光,9.05,0.18026693725104762,0.08332818579484477,0.4822906825545465,0.17268359476830653,6504187.0,1789920.0,5.0,18.03,8.33,48.23,17.27
2387,精元,3.47,0.14413843099505086,0.05625487496919853,0.4201163381208515,0.0600359013479458,1699360.0,-204082.0,5.0,14.41,5.63,42.01,6.0
2388,威盛,0.12,0.22501547175550898,-0.1310763565178515,0.36582226684643593,0.004297083169748999,859828.0,-954676.0,5.0,22.5,-13.11,36.58,0.43
2390,云辰,-0.14,0.2108459901788278,-0.0493576482194524,0.14207496659708418,-0.011799415110002721,20453.0,-10789.0,2.0,21.08,-4.94,14.21,-1.18
2392,正崴,-6.62,-0.07465780131705725,-0.1725633915195047,0.7960456378549932,-0.8670438416510223,-2713714.0,-11471927.0,5.0,-7.47,-17.26,79.6,-86.7
2393,億光,4.6,0.3108298873393549,0.12540486981767524,0.3070795007735673,0.10330612031936978,2847123.0,522933.0,5.0,31.08,12.54,30.71,10.33
2395,研華,12.25,0.39780847032157307,0.16318550445596042,0.272965330984674,0.19110095329028823,9902694.0,5682173.0,5.0,39.78,16.32,27.3,19.11
2397,友通,2.49,0.26016385149392984,0.04777451083335647,0.5385315258232852,0.09670896476575497,711745.0,539670.0,5.0,26.02,4.78,53.85,9.67
2399,映泰,0.15,0.06456825042599752,-0.08769984401714946,0.16173218425216404,0.011886640706291831,-137281.0,-56373.0,2.0,6.46,-8.77,16.17,1.19
2401,凌陽,-0.37,0.4656586186660329,-0.015056942263212029,0.24342953228195946,0.00809805099737173,487600.0,143758.0,3.0,46.57,-1.51,24.34,0.81
2402,毅嘉,2.47,0.19066488941768428,0.08430085159181368,0.5187463147974345,0.10179265443841992,903404.0,-678286.0,5.0,19.07,8.43,51.87,10.18
2404,漢唐,48.08,0.20017053798565912,0.16624683271089657,0.7606351687215205,0.4921173518984316,29117778.0,23737548.0,5.0,20.02,16.62,76.06,49.21
2405,輔信,-0.2,0.36755273183489845,-0.05277403759197747,0.18108710356547023,-0.0230835493077576,20804.0,-21396.0,4.0,36.76,-5.28,18.11,-2.31
2406,國碩,-0.92,0.09856947650526844,-0.07859506657482741,0.4910575384001179,-0.23731228965216886,37634.0,-1256993.0,,9.86,-7.86,49.11,-23.73
2408,南亞科,2.13,0.22506357142556782,0.07874398601999323,0.18188470922216518,0.03880728722698656,18568388.0,4458861.0,4.0,22.51,7.87,18.19,3.88
2409,友達,0.9,0.11498300407491452,-0.003751368089973983,0.5711239117989654,0.04597729318009874,11128855.0,5705477.0,3.0,11.5,-0.38,57.11,4.6
2412,中華電,4.99,0.3683350684455687,0.20561092482924243,0.25207864443720435,0.10489654664784155,77445547.0,49161708.0,5.0,36.83,20.56,25.21,10.49
2413,環科,0.41,0.15202081824131425,0.007314129358796852,0.5160939594832579,0.02601122633148214,648422.0,522324.0,4.0,15.2,0.73,51.61,2.6
2414,精技,3.17,0.07938800030631672,0.02525929974940123,0.5754224439946178,0.1776657688671894,910046.0,455136.0,5.0,7.94,2.53,57.54,17.77
2415,錩新,1.81,0.2660087776775425,0.14633619468824532,0.6878656966834473,0.12803992499298655,-1031491.0,-1499743.0,5.0,26.6,14.63,68.79,12.8
2417,圓剛,-0.19,0.5565953497675122,0.004394975096331687,0.3181864168375595,0.010393447637394283,-70074.0,-224039.0,5.0,55.66,0.44,31.82,1.04
2419,仲琦,-0.36,0.18810102515201158,0.01499891219205238,0.44437239535177536,0.01764231253144915,17538.0,49642.0,4.0,18.81,1.5,44.44,1.76
2420,新巨,3.91,0.4591751112220935,0.2921418354812708,0.2876340836849771,0.15010286821680088,648337.0,565052.0,5.0,45.92,29.21,28.76,15.01
2421,建準,7.94,0.3106032238254913,0.15040505284077738,0.4900253796969769,0.24369053661790416,3293473.0,2179470.0,5.0,31.06,15.04,49.0,24.37
2423,固緯,2.92,0.5292958046047113,0.1821107820289664,0.20714218260644615,0.1430943450721999,463157.0,305084.0,5.0,52.93,18.21,20.71,14.31
2424,隴華,-1.34,0.17962470771836567,-0.5902730802622679,0.3233480640370233,-0.24139173052989057,16410.0,40136.0,,17.96,-59.03,32.33,-24.14
2425,承啟,-0.32,0.06987144302718054,-0.004445683465150774,0.4296231946792742,-0.043262707527953755,-313674.0,-411616.0,5.0,6.99,-0.44,42.96,-4.33
2426,鼎元,-0.25,0.12376945697492871,-0.016318193863585087,0.18656593712481043,-0.020223268749351743,266866.0,-460709.0,5.0,12.38,-1.63,18.66,-2.02
2427,三商電,1.53,0.239485056254185,0.05449631352522396,0.5311655954646464,0.09196413945605005,1793986.0,1520716.0,5.0,23.95,5.45,53.12,9.2
2428,興勤,11.76,0.401542492344728,0.25045493529968105,0.3194759482661217,0.1334776378037739,2033263.0,989293.0,5.0,40.15,25.05,31.95,13.35
2429,銘旺科,-1.4,0.03182663599432235,-0.28114548153949065,0.5521418458040217,-0.16265613447994084,-142005.0,-549160.0,,3.18,-28.11,55.21,-16.27
2430,燦坤,0.7,0.15048157387013075,0.007972818817289309,0.6562720699420586,0.01841488996840686,866619.0,801411.0,5.0,15.05,0.8,65.63,1.84
2431,聯昌,-2.1,-0.23520365874134821,-0.5306640796778346,0.16125126010688637,-0.21384668012932984,-30066.0,-284907.0,3.0,-23.52,-53.07,16.13,-21.38
2432,倚天酷碁-創,1.88,0.12767581201584255,0.03891223666539167,0.30281341835711517,0.09803144193061586,120978.0,125936.0,4.0,12.77,3.89,30.28,9.8
2433,互盛電,3.05,0.35957688312681885,0.1523501752259105,0.44011337377563675,0.1370450081828171,1148934.0,186825.0,5.0,35.96,15.24,44.01,13.7
2434,統懋,0.02,-0.17481504247985774,-1.3631533885095826,0.3298631741438079,0.0016289961311341885,-48550.0,15140.0,,-17.48,-136.32,32.99,0.16
2436,偉詮電,3.02,0.2988679160688666,0.06688598457675753,0.3226934332241885,0.13592103633652403,167941.0,861003.0,5.0,29.89,6.69,32.27,13.59
2438,翔耀,-2.38,0.346501908941697,-0.15456629558267324,0.687260260078845,-0.528618646210388,-244533.0,-361206.0,,34.65,-15.46,68.73,-52.86
2439,美律,5.36,0.12089498545257166,0.03137413481975611,0.5738808202396143,0.1034029749641026,1117876.0,-165127.0,5.0,12.09,3.14,57.39,10.34
2440,太空梭,-0.23,0.03803389974282598,0.003015074512833769,0.4425081748258153,-0.020701860103709106,-183345.0,-181895.0,,3.8,0.3,44.25,-2.07
2441,超豐,4.31,0.20195704981796642,0.1617478255615101,0.13824873250927736,0.10138528201620109,4888391.0,1037691.0,5.0,20.2,16.17,13.82,10.14
2442,新美齊,5.24,0.33737003945814636,0.2653932045835394,0.6929482617057244,0.36955487281341487,-354540.0,1667110.0,5.0,33.74,26.54,69.29,36.96
2444,兆勁,-1.9,0.04186735110622896,-0.155416015322433,0.5637930949462695,-0.2440689492158714,-93221.0,-179520.0,,4.19,-15.54,56.38,-24.41
2449,京元電子,9.01,0.3584569113023911,0.2577038700852184,0.5014946586534451,0.15873126982477653,13151787.0,73730.0,5.0,35.85,25.77,50.15,15.87
2450,神腦,1.72,0.10456775548191549,0.010098300725369325,0.396942956369709,0.06899786293034284,391169.0,376946.0,5.0,10.46,1.01,39.69,6.9
2451,創見,12.98,0.46824489839772415,0.3827409412177301,0.12221612654324518,0.24185850633509637,-2226317.0,2501605.0,5.0,46.82,38.27,12.22,24.19
2453,凌群,3.12,0.25161391877129063,0.0474605937972565,0.5018773588921366,0.13876143096342092,387816.0,353294.0,5.0,25.16,4.75,50.19,13.88
2454,聯發科,66.16,0.4749936943516825,0.17361686775783172,0.44984756578887086,0.2648959392980828,162792872.0,125038904.0,5.0,47.5,17.36,44.98,26.49
2455,全新,2.97,0.3608504137250998,0.1979984278771638,0.29550159248437186,,639572.0,275847.0,5.0,36.09,19.8,29.55,
2457,飛宏,-1.48,0.2105786219419458,-0.06122983998782306,0.3579080518091961,-0.07073814354671093,98499.0,-489755.0,,21.06,-6.12,35.79,-7.07
2458,義隆,8.53,0.4865067945487846,0.2419448998373566,0.3285559903044601,0.22366241658809224,2650309.0,397404.0,5.0,48.65,24.19,32.86,22.37
2459,敦吉,5.17,0.28423090299744075,0.13137216190340553,0.3483524007088542,0.09769137901729288,430670.0,782585.0,5.0,28.42,13.14,34.84,9.77
2460,建通,-3.0,-0.002521302754011715,-0.1372658131587601,0.6964752632944332,-0.33178404794811894,-149636.0,-385812.0,2.0,-0.25,-13.73,69.65,-33.18
2461,光群雷,-0.61,0.20697337651220585,-0.005386718259376878,0.5258013493978912,-0.045822578110224055,-81576.0,-672093.0,5.0,20.7,-0.54,52.58,-4.58
2462,良得電,0.27,0.1314287528968992,0.025124676829877735,0.37380983987417343,0.012233279317947139,-134106.0,-239803.0,5.0,13.14,2.51,37.38,1.22
2464,盟立,-0.84,0.18625608314250505,-0.011260053378532406,0.556820481728666,-0.03415320116707741,753066.0,662040.0,5.0,18.63,-1.13,55.68,-3.42
2465,麗臺,0.43,0.09819655722774777,0.019503331860521736,0.2752420857728669,0.04379524425686682,53457.0,-5340.0,2.0,9.82,1.95,27.52,4.38
2466,冠西電,0.25,0.0049881250171223135,-0.29912523418056297,0.5312890148077357,0.021136200943604418,68480.0,7655.0,2.0,0.5,-29.91,53.13,2.11
2467,志聖,5.5,0.43324710696467067,0.14474296375624676,0.5436188158614446,0.13653498664401958,865703.0,-813747.0,5.0,43.32,14.47,54.36,13.65
2468,華經,1.25,0.09873346588954136,0.031981628704295856,0.4667144505363767,0.06862062421878554,-293351.0,-344112.0,5.0,9.87,3.2,46.67,6.86
2471,資通,3.63,0.43404979897834406,0.17928872029043905,0.3854516936079748,0.18183916565196676,238238.0,258654.0,5.0,43.4,17.93,38.55,18.18
2472,立隆電,8.73,0.32040733447166614,0.20284704820121038,0.2422115862806056,0.2206838234356091,2203371.0,1212390.0,5.0,32.04,20.28,24.22,22.07
2474,可成,11.33,0.3163943881601189,0.16634976586963945,0.358842478927725,0.05133252364836628,1298788.0,7983594.0,5.0,31.64,16.63,35.88,5.13
2476,鉅祥,4.36,0.3063345855472701,0.1681130785177354,0.27185712835913667,0.11852968646815448,756756.0,216519.0,5.0,30.63,16.81,27.19,11.85
2477,美隆電,1.68,0.2555171616123535,0.05579395019246331,0.45431457442577516,0.060577959538448196,332742.0,529730.0,5.0,25.55,5.58,45.43,6.06
2478,大毅,3.45,0.2282166756975555,0.1150788434390485,0.3000100378268095,0.07082626411461396,934141.0,319193.0,5.0,22.82,11.51,30.0,7.08
2480,敦陽科,8.0,0.24299819486177107,0.11874445387272019,0.5634313721721128,0.24182350212467507,549732.0,336988.0,5.0,24.3,11.87,56.34,24.18
2481,強茂,3.12,0.31258486765914795,0.0848702557737502,0.4536678589716854,0.09476302632438052,1419328.0,1025674.0,5.0,31.26,8.49,45.37,9.48
2482,連宇,-1.09,0.4241183529815149,-0.19477415516180757,0.17594431892277132,-0.07775830777895988,39881.0,-7158.0,4.0,42.41,-19.48,17.59,-7.78
2483,百容,0.6,0.0917332500745072,-0.0655930062586038,0.38314594615642167,0.025665649795535664,-1050.0,-62180.0,5.0,9.17,-6.56,38.31,2.57
2484,希華,0.65,0.1750746728214168,0.032917456136201236,0.19263538501854693,0.02748683012767226,248696.0,40336.0,5.0,17.51,3.29,19.26,2.75
2485,兆赫,-0.96,0.04297854905332132,-0.1447512503502207,0.19222242568217593,-0.06544290388276269,-606128.0,-229175.0,,4.3,-14.48,19.22,-6.54
2486,一詮,0.22,0.14216100472031462,0.019610285029866437,0.5574595907571024,0.013546248670339402,350565.0,-1319269.0,5.0,14.22,1.96,55.75,1.35
2488,漢平,4.56,0.22929982268414778,0.11464852362262774,0.2621950418365733,0.12985280295526677,568149.0,804953.0,5.0,22.93,11.46,26.22,12.99
2489,瑞軒,1.22,0.09706072308196038,0.017738552705460202,0.36997042827699755,0.060603625412468845,247648.0,482346.0,5.0,9.71,1.77,37.0,6.06
2491,吉祥全,1.43,0.26523713953734024,-0.7748911732166585,0.20680410850019754,0.11030761648340533,-96567.0,-166200.0,2.0,26.52,-77.49,20.68,11.03
2492,華新科,4.74,0.17276757084317623,0.057757645108471124,0.3987172455869808,0.05771384614142908,6146012.0,338846.0,5.0,17.28,5.78,39.87,5.77
2493,揚博,4.36,0.30342751324127176,0.1820246668023453,0.3980005475614226,0.17031999839777415,744134.0,623680.0,5.0,30.34,18.2,39.8,17.03
2495,普安,1.13,0.4308440266502512,0.053052229186718404,0.377273240617368,0.06710642818810028,53783.0,142982.0,5.0,43.08,5.31,37.73,6.71
2496,卓越,6.12,0.5345822682477016,0.15886369430262443,0.4006781155215348,0.12971224173588666,221922.0,153862.0,5.0,53.46,15.89,40.07,12.97
2497,怡利電,2.37,0.2558699780718052,0.10028657079386512,0.45720491512377687,0.12195705992665992,811894.0,757069.0,4.0,25.59,10.03,45.72,12.2
2498,宏達電,7.21,0.358863252595442,-1.1901441808800888,0.30836322282402395,0.22654720468798167,-4272600.0,1596754.0,1.0,35.89,-119.01,30.84,22.65
2501,國建,2.83,0.2775889515494807,0.1705859064966808,0.6382840547235421,0.10758630228499604,5978558.0,5820506.0,5.0,27.76,17.06,63.83,10.76
2504,國產,3.3,0.2742209064469968,0.22517117770581133,0.3927230057564067,0.14864753997883312,5154424.0,1686236.0,5.0,27.42,22.52,39.27,14.86
2505,國揚,2.37,0.28303575799697017,0.1749054840092624,0.5128420053660538,0.08277171389410007,1567298.0,1730117.0,4.0,28.3,17.49,51.28,8.28
2506,太設,0.02,0.45275241050161286,0.02926792824308052,0.3360855725882188,0.011749080939039182,-146126.0,11319.0,5.0,45.28,2.93,33.61,1.17
2509,全坤建,-0.8,0.30603198856308644,-0.3693472563131838,0.6915073458509076,-0.04533019592527168,-2124103.0,-2028442.0,1.0,30.6,-36.93,69.15,-4.53
2511,太子,0.33,0.27676497127272615,0.05651191983836145,0.44971847686889077,0.019350341269570404,1585684.0,605668.0,5.0,27.68,5.65,44.97,1.94
2514,龍邦,1.85,0.13313594893310576,0.049022671340971775,0.46023904339871213,0.08259077175798822,-7364.0,-1833217.0,,13.31,4.9,46.02,8.26
2515,中工,0.4,0.07639119829230337,0.045864421992511596,0.6644480214254683,0.0284050493125763,-3272110.0,-3409941.0,4.0,7.64,4.59,66.44,2.84
2516,新建,1.23,0.04009423974633235,0.02172274881654053,0.742745231910909,0.13517827257175924,1178561.0,1187520.0,,4.01,2.17,74.27,13.52
2520,冠德,2.61,0.22455066991491918,0.13584341897901794,0.5443505580634398,0.0959343684446651,-4044413.0,-3890504.0,5.0,22.46,13.58,54.44,9.59
2524,京城,1.71,0.4568967417287452,0.3151401873227744,0.47302149460883525,0.029899395737130074,98898.0,-413576.0,,45.69,31.51,47.3,2.99
2527,宏璟,0.93,0.4837975294476544,0.026840962176781544,0.4688358209063852,0.013003100415950413,-977467.0,-705872.0,5.0,48.38,2.68,46.88,1.3
2528,皇普,3.65,0.20055468614324026,0.15601818499942818,0.6486940133205521,,4768580.0,4408298.0,5.0,20.06,15.6,64.87,
2530,華建,2.03,0.4095522932416404,0.339209957459442,0.6643376922268797,0.16794809546580933,1908536.0,1825038.0,4.0,40.96,33.92,66.43,16.79
2534,宏盛,2.06,0.40861201854770396,0.2528850015355177,0.52375850501908,0.06472489931736206,517862.0,522757.0,5.0,40.86,25.29,52.38,6.47
2535,達欣工,6.5,0.11300398293814823,0.07826398933799629,0.6499978490699775,0.1607781773026462,3992106.0,3943143.0,5.0,11.3,7.83,65.0,16.08
2536,宏普,3.19,0.21079014481675185,0.15119389716742015,0.6704723357245831,0.08382173547113249,6320419.0,5986910.0,5.0,21.08,15.12,67.05,8.38
2537,聯上發,0.15,0.26181004693198007,0.12896697877667848,0.7606168583194541,,-1037340.0,-1275182.0,2.0,26.18,12.9,76.06,
2538,基泰,0.35,0.8351655708948729,0.0928716808826877,0.6776275471595125,0.026881698800502014,-157264.0,723725.0,5.0,83.52,9.29,67.76,2.69
2539,櫻花建,3.46,0.40992972416615603,0.3608761795209098,0.4485890330076494,0.23027299164640594,5293451.0,5285327.0,5.0,40.99,36.09,44.86,23.03
2540,愛山林,0.69,0.20612915878832228,0.09041387647805761,0.7276922335036564,0.039215798477585224,-8199379.0,-9779445.0,5.0,20.61,9.04,72.77,3.92
2542,興富發,2.1,0.2991224879288598,0.20706172446589152,0.771825221173096,0.10436814376186906,-9702572.0,-9524423.0,5.0,29.91,20.71,77.18,10.44
2543,皇昌,2.69,0.18700714987711875,0.1465333295603854,0.49454176539734895,0.14767292787434919,1294959.0,-2090326.0,4.0,18.7,14.65,49.45,14.77
2545,皇翔,1.92,0.4045334259317164,0.2422424717185448,0.7523342720362656,0.04561863825473978,-5568000.0,-5590397.0,5.0,40.45,24.22,75.23,4.56
2546,根基,9.52,0.08524547698309594,0.06673265495290845,0.6025279890335139,0.2060026102485239,2014581.0,1972975.0,5.0,8.52,6.67,60.25,20.6
2547,日勝生,2.85,0.5065977724880038,0.18500544072470193,0.7573530126407241,0.20872197222407848,-1631546.0,3786926.0,3.0,50.66,18.5,75.74,20.87
2548,華固,10.15,0.2822411375546352,0.21823663767300985,0.5867344024644452,0.14460703399004035,10542324.0,12017359.0,5.0,28.22,21.82,58.67,14.46
2597,潤弘,10.75,0.17407100223311425,0.13637384175065992,0.5906359994874731,0.40313762265076203,2364293.0,1286453.0,5.0,17.41,13.64,59.06,40.31
2601,益航,-1.63,0.14523574362255776,0.032660534689270694,0.3679012054361422,-0.011568645422789813,902703.0,402565.0,,14.52,3.27,36.79,-1.16
2603,長榮,31.68,0.24449140445484557,0.1955410570023248,0.3445123112734792,0.12459303166535818,101202073.0,-7794907.0,5.0,24.45,19.55,34.45,12.46
2605,新興,1.45,0.2603301275848715,0.1806250313364162,0.2065940753975396,0.048512472614753235,2756451.0,1520993.0,5.0,26.03,18.06,20.66,4.85
2606,裕民,4.31,0.28804245455748556,0.2379396009975703,0.5552632015130549,0.09363311033146263,7255688.0,913168.0,5.0,28.8,23.79,55.53,9.36
2607,榮運,3.56,0.2165022641711805,0.11922621143582623,0.27048717292967933,0.09636053196576488,3420833.0,3825181.0,5.0,21.65,11.92,27.05,9.64
2608,嘉里大榮,1.97,0.1787894438770701,0.11877679285747116,0.4630381275176396,0.0877480534659955,2514218.0,1668498.0,5.0,17.88,11.88,46.3,8.77
2609,陽明,4.9,0.14921028518949184,0.09056157079843709,0.2809741210131811,0.05333056396661698,24667461.0,-13293041.0,5.0,14.92,9.06,28.1,5.33
2610,華航,2.42,0.1779991185374021,0.09962867429369837,0.7110109744941461,0.16573932687510237,49385273.0,-1440042.0,5.0,17.8,9.96,71.1,16.57
2611,志信,0.52,0.31651123622253435,0.017015021305972815,0.28007387762410474,0.04260552848595041,-227577.0,-98271.0,5.0,31.65,1.7,28.01,4.26
2612,中航,5.46,0.3272054294041973,0.224361385609754,0.4860614693301872,0.07973115451293909,2227111.0,291214.0,5.0,32.72,22.44,48.61,7.97
2613,中櫃,1.14,0.1696700174487732,0.10411566552994264,0.6756173336136504,0.04863921952260249,878648.0,-180466.0,5.0,16.97,10.41,67.56,4.86
2614,東森,1.99,0.3370913752854981,0.08833106871521884,0.6996616797755718,0.1416214525882137,1727632.0,259792.0,4.0,33.71,8.83,69.97,14.16
2615,萬海,11.21,0.2815501348684195,0.23664829364918066,0.32621945529499546,0.11436691278071842,39941558.0,69209038.0,5.0,28.16,23.66,32.62,11.44
2616,山隆,-6.25,0.06929381478209694,-0.09851206405146651,0.6807482208595087,-0.3197909019674106,-182554.0,222131.0,5.0,6.93,-9.85,68.07,-31.98
2617,台航,3.18,0.41742549370464654,0.36882761629624183,0.3244654364642608,0.07430807733074155,2341153.0,2401599.0,5.0,41.74,36.88,32.45,7.43
2618,長榮航,4.84,0.2343310655107873,0.16444285243265708,0.596460811055147,0.19898359669293322,55224615.0,30341933.0,5.0,23.43,16.44,59.65,19.9
2630,亞航,1.0,0.10350451311029664,0.053334091171611864,0.37923584059109267,0.05909697511403765,288064.0,235018.0,5.0,10.35,5.33,37.92,5.91
2633,台灣高鐵,1.17,0.4326064948660215,0.39342926724224375,0.8088963177963877,,20691035.0,11132944.0,5.0,43.26,39.34,80.89,
2634,漢翔,0.78,0.07142276077629187,0.0329538450863178,0.6691203197707675,0.041085350737707874,-3875228.0,-4914344.0,5.0,7.14,3.3,66.91,4.11
2636,台驊控股,7.74,0.16017830098997274,0.03601564384969743,0.5537345850537029,0.10936885260560106,2005734.0,1591995.0,5.0,16.02,3.6,55.37,10.94
2637,慧洋-KY,5.27,0.2500806105091956,0.23904028513156322,0.40667794563138515,0.08166411862579494,7311075.0,9398064.0,5.0,25.01,23.9,40.67,8.17
2642,宅配通,-1.04,0.06905001363810226,-0.039490903687695596,0.4925984438856872,-0.04847433247477686,290438.0,308714.0,5.0,6.91,-3.95,49.26,-4.85
2645,長榮航太,5.46,0.2033426140940862,0.16509287957628463,0.4234995723867705,,3545693.0,3142805.0,5.0,20.33,16.51,42.35,
2646,星宇航空,0.09,0.15224868024529034,0.03716548844895981,0.7713266863591749,,8060298.0,-12789400.0,,15.22,3.72,77.13,
2701,萬企,0.56,0.7885812372294816,0.6347444715219899,0.1322061009005872,,133339.0,119794.0,5.0,78.86,63.47,13.22,
2702,華園,-0.35,0.8705828335579395,0.07818637417475852,0.5158917398099485,-0.01677881401473901,126506.0,257942.0,3.0,87.06,7.82,51.59,-1.68
2704,國賓,0.57,0.28929875431531554,-0.010910149327418696,0.23050685575396765,0.00821660112554307,172857.0,-194764.0,4.0,28.93,-1.09,23.05,0.82
2705,六福,0.87,0.32688335327939966,0.06578621630035326,0.6817085783588128,0.0331354245008204,546892.0,-6083.0,,32.69,6.58,68.17,3.31
2706,第一店,0.65,0.7822718650093522,0.6936577212368836,0.13175054612634107,,196667.0,210566.0,5.0,78.23,69.37,13.18,
2707,晶華,11.42,0.32662404356325864,0.2501783280164217,0.57416682860736,0.34989233052776764,2399373.0,1105574.0,5.0,32.66,25.02,57.42,34.99
2712,遠雄來,-0.38,0.19159838017196387,-0.07174939142161625,0.3870040012590915,,45545.0,28437.0,4.0,19.16,-7.17,38.7,
2722,夏都,-0.49,0.31932688945545656,-0.16126152878396258,0.2794796865347373,-0.036342173851580534,27728.0,-293440.0,4.0,31.93,-16.13,27.95,-3.63
2723,美食-KY,-2.47,0.5944581984646857,0.03730987158698861,0.4208866884668493,-0.04302820271738597,1795313.0,400647.0,5.0,59.45,3.73,42.09,-4.3
2727,王品,16.02,0.47459188586568224,0.07799869421214993,0.7099344339013137,0.288446969616498,3507304.0,2795282.0,5.0,47.46,7.8,70.99,28.84
2731,雄獅,17.49,0.1683907510077288,0.06019258077149533,0.5820336865383197,0.3340455734090939,2378357.0,2296780.0,3.0,16.84,6.02,58.2,33.4
2739,寒舍,2.36,0.39869993943805243,0.0780868072634878,0.8636358988465184,0.1336464560204953,1722861.0,1625193.0,2.0,39.87,7.81,86.36,13.36
2748,雲品,2.17,0.3212956357143152,0.11723115497069994,0.39069508985840073,0.07538750556212333,261858.0,819541.0,5.0,32.13,11.72,39.07,7.54
2753,八方雲集,12.84,0.3596610806498104,0.12263650652852118,0.4951350470862675,0.21755596005364922,1588402.0,491511.0,5.0,35.97,12.26,49.51,21.76
2762,世界健身-KY,3.75,0.17289253399381008,0.05991523112968563,0.8456082528151884,0.14142353146569084,3226593.0,1809556.0,4.0,17.29,5.99,84.56,14.14
2901,欣欣,0.38,0.852128888175053,0.16198976665213502,0.18146476557900856,,46633.0,56373.0,5.0,85.21,16.2,18.15,
2903,遠百,1.56,0.5778113795577889,0.12326217852777571,0.7412779043411782,0.08259928973228786,8266004.0,1728825.0,5.0,57.78,12.33,74.13,8.26
2904,匯僑,0.98,0.31278983618253164,0.1631842350224481,0.2806334032875117,0.059414089620317974,273507.0,214618.0,5.0,31.28,16.32,28.06,5.94
2906,高林,0.47,0.29460026742545337,0.039504046521937355,0.4992160271098352,0.09244479614478612,671613.0,319339.0,5.0,29.46,3.95,49.92,9.24
2908,特力,0.23,0.25348897877302884,0.004844416276213163,0.7716522488807082,-0.007750676412909664,1936707.0,927395.0,5.0,25.35,0.48,77.17,-0.78
2910,統領,1.23,0.8815892026206332,0.5384510020295246,0.5672543103529439,0.07798861411269853,176980.0,-190727.0,4.0,88.16,53.85,56.73,7.8
2911,麗嬰房,2.15,0.3613020938871279,-0.24157435019327234,0.6768751980175193,0.2861945662422778,-262118.0,1322213.0,,36.13,-24.16,67.69,28.62
2912,統一超,10.78,0.3436824285175796,0.03971670989246681,0.8191352581179575,0.31329491999999903,36509726.0,14670880.0,5.0,34.37,3.97,81.91,31.33
2913,農林,-0.15,0.38596895813410287,-0.04110635308853025,0.4178872623965959,,41095.0,29567.0,,38.6,-4.11,41.79,
2915,潤泰全,9.29,0.4260945471250464,0.06459975221152658,0.11163234714158014,0.09609739653890294,138971.0,2957994.0,5.0,42.61,6.46,11.16,9.61
2923,鼎固-KY,-3.62,0.5017206092283598,-0.9639125012876745,0.6030216534720854,-0.13607803031619445,189531.0,4955918.0,5.0,50.17,-96.39,60.3,-13.61
2929,淘帝-KY,-1.68,0.08553631063177489,-0.10965386510456586,0.2773058614017815,-0.06687290281082181,-111123.0,-971385.0,,8.55,-10.97,27.73,-6.69
2939,永邑-KY,-3.68,0.08693779137334527,-0.5288801912878535,0.3095322248894256,-0.29823432595473304,-195966.0,277719.0,,8.69,-52.89,30.95,-29.82
2945,三商家購,2.14,0.2731984853326978,0.011548402607199148,0.6555109138472885,0.06841396264753472,921822.0,459911.0,5.0,27.32,1.15,65.55,6.84
3002,歐格,0.36,0.18297016678956526,-0.0635083901829861,0.25176473196821664,0.025679857055695983,-8863.0,272341.0,5.0,18.3,-6.35,25.18,2.57
3003,健和興,0.99,0.22165985571318247,0.06599114443353833,0.19258429838814747,0.026146451899951344,291505.0,63333.0,5.0,22.17,6.6,19.26,2.61
3004,豐達科,5.85,0.2445240930043531,0.11674396972061407,0.5483825890117445,0.09094468974750455,137056.0,-794762.0,5.0,24.45,11.67,54.84,9.09
3005,神基,8.43,0.3180589793449802,0.1571141124975043,0.41550198664931776,0.2093887524453688,5776322.0,2561663.0,5.0,31.81,15.71,41.55,20.94
3006,晶豪科,0.87,0.170545908165556,0.023640519367322956,0.39491783985570716,0.02375313767915465,1502209.0,957489.0,5.0,17.05,2.36,39.49,2.38
3008,大立光,159.41,0.5043028468947284,0.38526701036673583,0.13551102324765288,0.11415565387920618,26080226.0,16844501.0,5.0,50.43,38.53,13.55,11.42
3010,華立,8.84,0.08076184632007005,0.039854731967024624,0.5422896090210669,0.10892083164904706,5722853.0,3769405.0,5.0,8.08,3.99,54.23,10.89
3011,今皓,-2.55,0.05284345996257838,-0.4347440647510614,0.48797329979389126,-0.22596261720370156,-180973.0,-270675.0,,5.28,-43.47,48.8,-22.6
3013,晟銘電,4.03,0.1854942164307787,0.10606763149178264,0.4600925185377026,0.1589996868109336,1020772.0,221155.0,5.0,18.55,10.61,46.01,15.9
3014,聯陽,9.51,0.5514468050926433,0.2600279086023502,0.22956824568637038,0.2169722669967513,902042.0,872913.0,5.0,55.14,26.0,22.96,21.7
3015,全漢,1.86,0.17390875227869687,0.010870134492120119,0.32381679756758647,0.030400606223853523,357231.0,430342.0,5.0,17.39,1.09,32.38,3.04
3016,嘉晶,0.07,0.0787561110857009,0.004560477200440527,0.2844261381966543,0.0041330947194532395,492480.0,53066.0,5.0,7.88,0.46,28.44,0.41
3017,奇鋐,49.17,0.25805047003867004,0.19733449512609488,0.6842404254744506,0.4697345227269298,39415135.0,26078765.0,5.0,25.81,19.73,68.42,46.97
3018,隆銘綠能,-2.16,-0.07390620204299542,-0.4012458554340825,0.5504820204801735,-0.28516720028459625,-208378.0,303845.0,,-7.39,-40.12,55.05,-28.52
3019,亞光,6.6,0.1877583978253366,0.0855866460639131,0.3648553520011331,0.14455519861154226,2103741.0,1004815.0,5.0,18.78,8.56,36.49,14.46
3021,鴻名,0.33,0.15556906496687897,0.032995737940602156,0.48962299312457347,0.017291987907648142,197764.0,124629.0,5.0,15.56,3.3,48.96,1.73
3022,威強電,4.63,0.33459306195276156,0.08758609454904566,0.24728686149598927,0.0735404441612628,880495.0,360888.0,5.0,33.46,8.76,24.73,7.35
3023,信邦,13.02,0.23986139576199245,0.1049967297762423,0.48459373736094263,0.19107027231944473,3355283.0,2871765.0,5.0,23.99,10.5,48.46,19.11
3024,憶聲,0.28,0.2450269309468443,0.07616776218756043,0.37093046984592165,0.025519803206596917,-174900.0,-526188.0,5.0,24.5,7.62,37.09,2.55
3025,星通,3.45,0.6811466109110118,0.2898782533763994,0.31070267041822397,0.2206874531784499,132522.0,123869.0,5.0,68.11,28.99,31.07,22.07
3026,禾伸堂,6.58,0.1877059820260003,0.08030415796301721,0.3576080747042085,0.10109955192125955,1080479.0,827742.0,5.0,18.77,8.03,35.76,10.11
3027,盛達,-1.06,0.17371090628416141,-0.032205467725527674,0.19413539416538514,-0.06823551574265814,277430.0,274109.0,3.0,17.37,-3.22,19.41,-6.82
3028,增你強,3.15,0.07311315753317829,0.031559276552016714,0.7310147650904737,0.11860925963860096,-971965.0,-940425.0,5.0,7.31,3.16,73.1,11.86
3029,零壹,6.53,0.12179759325467256,0.06013733845854465,0.5378098795593865,0.22415026612699682,1840964.0,2399114.0,5.0,12.18,6.01,53.78,22.42
3030,德律,10.49,0.5835006705100186,0.35338210449799734,0.2099688771814312,0.25809093349387924,1727447.0,1630504.0,5.0,58.35,35.34,21.0,25.81
3031,佰鴻,1.09,0.2911572524645402,0.0825623162212193,0.1521367333188247,0.06357865007488334,236674.0,313188.0,5.0,29.12,8.26,15.21,6.36
3032,偉訓,-7.93,0.21849255921445296,0.09078065819398042,0.8323063227280624,-0.4534839283592443,733496.0,-4515516.0,5.0,21.85,9.08,83.23,-45.35
3033,威健,1.81,0.04282012556727998,0.016505967329908954,0.7573278264266297,0.08064107905193228,748716.0,733752.0,5.0,4.28,1.65,75.73,8.06
3034,聯詠,26.87,0.3765828335343867,0.18116952516404614,0.30428239078793917,0.24133266494680697,13628744.0,12396865.0,5.0,37.66,18.12,30.43,24.13
3035,智原,2.81,0.2699685896720512,0.03070026646202194,0.28540966560438735,0.05920325419948592,929555.0,-170003.0,5.0,27.0,3.07,28.54,5.92
3036,文曄,11.61,0.04042945047700613,0.017727577041675543,0.7764457795801462,0.11529936181562705,17606038.0,15845027.0,5.0,4.04,1.77,77.64,11.53
3037,欣興,4.38,0.13937926750598947,0.05085589107820839,0.5816630726733917,0.07507748239119727,14967094.0,-8050520.0,5.0,13.94,5.09,58.17,7.51
3038,全台,1.1,0.2302464774580233,0.05224147569588037,0.32616662795760987,0.0629430223698334,431743.0,423336.0,5.0,23.02,5.22,32.62,6.29
3040,遠見,0.32,0.5794934368084397,0.03443780883378301,0.21710199707784084,0.013165534525212675,19182.0,468989.0,5.0,57.95,3.44,21.71,1.32
3041,揚智,-3.43,0.2863475931001298,-0.5045974885818735,0.6288993375531098,-0.42952193303790537,-262532.0,-1236858.0,,28.63,-50.46,62.89,-42.95
3042,晶技,5.28,0.33035963035458876,0.15159809785090173,0.2650247349813605,0.1133397421490228,3412740.0,2089038.0,5.0,33.04,15.16,26.5,11.33
3043,科風,-2.67,0.21690995686808942,-0.02177786831888578,0.5736474701164451,-0.12909912101575882,-218641.0,-299489.0,,21.69,-2.18,57.36,-12.91
3044,健鼎,19.45,0.2587557344043772,0.17591545869982925,0.44895141570717145,0.18905135864698075,11799519.0,3371766.0,5.0,25.88,17.59,44.9,18.91
3045,台灣大,4.77,0.20605165860962263,0.10791703268383583,0.5970790826525304,0.18813786746824993,37501271.0,26348507.0,5.0,20.61,10.79,59.71,18.81
3046,建碁,4.01,0.08424009358354073,0.04726692857600142,0.5678886598507774,0.18815290439483998,467536.0,481158.0,4.0,8.42,4.73,56.79,18.82
3047,訊舟,-0.9,0.2757547437002204,-0.0745945729779596,0.47629104904780234,-0.13488308230074114,128917.0,-116562.0,5.0,27.58,-7.46,47.63,-13.49
3048,益登,2.01,0.034109931089246995,0.015945528024224512,0.8001367710718275,0.09685156149622764,-3508979.0,-3727803.0,5.0,3.41,1.59,80.01,9.69
3049,精金,-0.64,-0.2951863032876179,-0.4333458867217264,0.456200459990159,-0.06773431992358947,-387221.0,-408671.0,2.0,-29.52,-43.33,45.62,-6.77
3050,鈺德,0.04,0.3323861835013633,0.030751062075962208,0.4785171613950111,0.010744705886198207,177354.0,94944.0,5.0,33.24,3.08,47.85,1.07
3051,力特,1.01,0.3237104497030062,0.14142343745001226,0.36881089563425146,0.06773117425628124,557032.0,542167.0,4.0,32.37,14.14,36.88,6.77
3052,夆典,1.1,0.1257816600270458,0.07683637293958555,0.732648477793186,0.06430295165568191,1802501.0,2017493.0,5.0,12.58,7.68,73.26,6.43
3054,立萬利,1.96,0.31153417237533854,-0.5641946789867771,0.074927343023266,0.14974188636940358,-71754.0,-101347.0,1.0,31.15,-56.42,7.49,14.97
3055,蔚華科,-2.68,0.1613633790057751,-0.6591378274086914,0.1695807754210068,-0.19607054943189398,-201079.0,-228828.0,3.0,16.14,-65.91,16.96,-19.61
3056,富華新,1.07,0.22031544739189116,0.14600121546002004,0.41928847579693246,0.05885885460590816,405049.0,86355.0,5.0,22.03,14.6,41.93,5.89
3057,喬鼎,-0.88,0.33074591076475124,-0.23014301618566413,0.3737651711596185,-0.09705425400963363,-115695.0,72610.0,,33.07,-23.01,37.38,-9.71
3058,立德,-1.44,0.093344908216811,-0.11660413008456742,0.6859763857472753,-0.19372294512684737,-62699.0,-374404.0,,9.33,-11.66,68.6,-19.37
3059,華晶科,1.24,0.25979328930680984,0.0547004873034321,0.3800341044798171,0.055422223534906584,839747.0,59532.0,5.0,25.98,5.47,38.0,5.54
3060,銘異,-0.39,0.12302540646733884,0.007012455239229526,0.41028444131379754,-0.016624320513883756,151970.0,115362.0,5.0,12.3,0.7,41.03,-1.66
3062,建漢,0.68,0.04668271480695099,-0.12500868074406923,0.35952963516424963,0.05154704987125715,-468806.0,-660604.0,2.0,4.67,-12.5,35.95,5.15
3090,日電貿,5.48,0.16439410485034664,0.10093811326345091,0.31247188587993213,0.09232671400363981,89383.0,247052.0,5.0,16.44,10.09,31.25,9.23
3092,鴻碩,-5.14,0.04384699160156071,-0.3479504208371594,0.7076647494901318,-0.3925173912223485,-358106.0,-796575.0,3.0,4.38,-34.8,70.77,-39.25
3094,聯傑,0.25,0.7565137731949978,0.00033554187349538764,0.09180228481983711,0.019870102619906214,27512.0,26950.0,5.0,75.65,0.03,9.18,1.99
3130,一零四,14.7,0.8611973286340265,0.198965614071298,0.5688864555137271,0.28510315884908866,824828.0,-237351.0,5.0,86.12,19.9,56.89,28.51
3135,凌航,6.33,0.10042532964735074,0.07818106156402621,0.5899835872482574,,-1773967.0,-1870014.0,5.0,10.04,7.82,59.0,
3138,耀登,1.5,0.40671020624585036,0.04325877739897591,0.5277988734592038,0.03691718775292418,78323.0,348848.0,5.0,40.67,4.33,52.78,3.69
3149,正達,-2.86,-0.10530772560089857,-0.2636909549367692,0.47642962984806153,-0.23647666351031213,-410707.0,-1021333.0,,-10.53,-26.37,47.64,-23.65
3150,鈺寶-創,-0.22,0.44600168977685006,-0.0552689561486341,0.07809914098825754,,121354.0,83623.0,5.0,44.6,-5.53,7.81,
3164,景岳,0.66,0.6271580568702662,0.1439352589169776,0.12933469382607354,0.0360528101310335,73597.0,81296.0,5.0,62.72,14.39,12.93,3.61
3167,大量,8.13,0.39169469806340645,0.18047269983853678,0.5937386766209373,0.20957140085603365,67347.0,-312655.0,5.0,39.17,18.05,59.37,20.96
3168,眾福科,2.61,0.24938305612231082,0.08907461184584659,0.30201543098317485,0.13884075139617533,254718.0,196355.0,5.0,24.94,8.91,30.2,13.88
3189,景碩,3.51,0.211287863494323,0.0678459629180341,0.4826622466903946,0.08301807128335426,8092985.0,224479.0,5.0,21.13,6.78,48.27,8.3
3209,全科,3.02,0.052452745499630186,0.02562067163769298,0.681162799764997,0.13345631584449683,4489524.0,4520106.0,5.0,5.25,2.56,68.12,13.35
3229,晟鈦,-0.43,0.064665672992928,-0.0019037404993162486,0.303533240353324,-0.04637374007075629,-11002.0,531.0,,6.47,-0.19,30.35,-4.64
3231,緯創,9.04,0.06127692016265045,0.035926221712346364,0.7692608509234813,0.32533351463072424,-105809663.0,-149322815.0,5.0,6.13,3.59,76.93,32.53
3257,虹冠電,3.42,0.5011508455801181,0.2727186582912525,0.28862544912608873,0.15459888690662635,23861.0,49779.0,5.0,50.12,27.27,28.86,15.46
3266,昇陽,0.58,0.32187411274170924,0.12777286745834812,0.5195046255378502,0.03287039841881932,-1660154.0,-1617777.0,4.0,32.19,12.78,51.95,3.29
3296,勝德,0.61,0.2115104319276339,0.030922632687457895,0.4343751967547828,0.04726280738356635,256276.0,-46926.0,,21.15,3.09,43.44,4.73
3305,昇貿,3.16,0.13268944164700994,0.0620377042137395,0.545937575260308,0.07378900210447308,-973868.0,-1825577.0,5.0,13.27,6.2,54.59,7.38
3308,聯德,0.68,0.46621021934829465,-4.0781032078103205,0.4842664660055028,0.036485088470319636,-146460.0,-263715.0,,46.62,-407.81,48.43,3.65
3311,閎暉,1.67,0.12463535250288584,0.018142292372135112,0.27442235724864356,0.03691816892126238,202870.0,-1583521.0,5.0,12.46,1.81,27.44,3.69
3312,弘憶股,1.74,0.052762381541557844,0.02386908048012719,0.6275743826111352,0.06119774908713063,45953.0,-893573.0,5.0,5.28,2.39,62.76,6.12
3321,同泰,-3.36,0.06103973419473583,-0.06799395252931312,0.6644719623722248,-0.2509053832696315,-250868.0,-310593.0,,6.1,-6.8,66.45,-25.09
3338,泰碩,1.8,0.19470694055740312,0.0464475894268057,0.4299929126812464,0.0787935243803031,72604.0,60654.0,5.0,19.47,4.64,43.0,7.88
3346,麗清,0.11,0.10541807452947191,0.0026789826982855144,0.653562740650633,0.0036826852573225307,392953.0,-863415.0,5.0,10.54,0.27,65.36,0.37
3356,奇偶,6.21,0.5025488492630277,0.037289865955953454,0.09620948560152587,0.19894955216414728,43504.0,245380.0,5.0,50.25,3.73,9.62,19.89
3376,新日興,1.63,0.1395465603143568,0.01564248852617461,0.22661067306686075,0.0185140887225647,1201245.0,334307.0,5.0,13.95,1.56,22.66,1.85
3380,明泰,-0.36,0.1735034538761947,-0.006093789789918137,0.46028958261287434,-0.016117573431333115,676553.0,537553.0,5.0,17.35,-0.61,46.03,-1.61
3406,玉晶光,32.84,0.32514397444296067,0.19100309298441984,0.3931403137004407,0.13987028023515924,7311609.0,4319882.0,5.0,32.51,19.1,39.31,13.99
3413,京鼎,21.44,0.2514619756775612,0.14924247876608676,0.36378765115991557,0.14615000405998768,2250432.0,-1339271.0,5.0,25.15,14.92,36.38,14.62
3416,融程電,7.39,0.3985121203356464,0.19022325061933185,0.2904031111726525,0.1657818327946978,496552.0,367515.0,5.0,39.85,19.02,29.04,16.58
3419,譁裕,-1.79,0.11405223962936548,-0.13203456555888077,0.48649871912085524,-0.22418622110645517,-228091.0,-273389.0,3.0,11.41,-13.2,48.65,-22.42
3432,台端,-0.87,0.15917035205963578,-0.21649511081928377,0.14499587377359383,-0.1190796529199571,-122414.0,-76717.0,,15.92,-21.65,14.5,-11.91
3437,榮創,-2.65,0.03845913860814071,-0.28418655961144645,0.2404030087193882,-0.18971368532676286,-114106.0,-136602.0,2.0,3.85,-28.42,24.04,-18.97
3443,創意,28.13,0.24761510932697944,0.12740162276546382,0.546012687520207,0.29192493768969563,-1143103.0,-1540742.0,5.0,24.76,12.74,54.6,29.19
3447,展達,1.6,0.10688320098846202,0.024086100819951786,0.5944430413465719,0.09565606016127795,-2398.0,-61466.0,5.0,10.69,2.41,59.44,9.57
3450,聯鈞,5.01,0.2976938688073076,0.18664202407242556,0.41012509138015996,0.24353593202792304,1526321.0,-958913.0,5.0,29.77,18.66,41.01,24.35
3481,群創,0.03,0.08228903546027169,-0.018349522572493608,0.4184836012072314,0.003005962762551054,20167804.0,-14559494.0,4.0,8.23,-1.83,41.85,0.3
3494,誠研,-1.84,0.11582138937121333,-0.12449897106088786,0.6382786237832213,-0.3247014508638241,-125987.0,-181952.0,,11.58,-12.45,63.83,-32.47
3501,維熹,3.0,0.2004000104695881,0.07660651767961436,0.2772194177713135,0.05099693389437134,799254.0,-81782.0,5.0,20.04,7.66,27.72,5.1
3504,揚明光,-0.08,0.17172563266056096,-0.027405713240000937,0.33936276521117625,-0.0033586928717217594,332454.0,307224.0,,17.17,-2.74,33.94,-0.34
3515,華擎,15.28,0.13548047473700794,0.05737626632277153,0.44344563479227034,0.19705581030566482,1272878.0,773819.0,5.0,13.55,5.74,44.34,19.71
3518,柏騰,-1.56,0.06789266712930835,-0.49097536120436885,0.3766335820799168,-0.10814295070633281,-197790.0,-846401.0,,6.79,-49.1,37.66,-10.81
3528,安馳,2.3,0.11148416819691878,0.06844658091897277,0.7895620092440325,,-1526162.0,-1480542.0,5.0,11.15,6.84,78.96,
3530,晶相光,1.74,0.2685804210924473,0.07404368727114688,0.1169717276566496,0.05507769281231335,464280.0,430296.0,3.0,26.86,7.4,11.7,5.51
3532,台勝科,1.58,0.1473997858977232,0.08074285901452632,0.5183212700679773,0.024869157995299946,1283941.0,-1400285.0,5.0,14.74,8.07,51.83,2.49
3533,嘉澤,70.17,0.5130825599581996,0.30619788510994345,0.19864703943039483,0.20671924517846058,8527872.0,2670579.0,5.0,51.31,30.62,19.86,20.67
3535,晶彩科,-1.07,0.40383724647230357,-0.19562432996057505,0.37337558316087577,-0.08147672763157005,23352.0,-91310.0,5.0,40.38,-19.56,37.34,-8.15
3543,州巧,-2.24,0.10070014953966232,-0.08106238417263145,0.3867917202087261,-0.10203988722574688,-153708.0,-502505.0,4.0,10.07,-8.11,38.68,-10.2
3545,敦泰,-4.64,0.24808461936654785,-0.011100259428016736,0.3631998932564008,-0.11476294414725882,172237.0,-1020278.0,5.0,24.81,-1.11,36.32,-11.48
3550,聯穎,-1.18,0.14941025732526506,-0.03517413028319997,0.6168733603420793,-0.07013587088227216,35885.0,-63982.0,2.0,14.94,-3.52,61.69,-7.01
3557,嘉威,0.01,0.33872521329027044,0.036988587970063255,0.6174641763373864,0.0002904497695361759,251414.0,-869445.0,5.0,33.87,3.7,61.75,0.03
3563,牧德,15.8,0.6127184383578556,0.36406022194850574,0.15852787285158787,0.18449424557013802,856128.0,635074.0,5.0,61.27,36.41,15.85,18.45
3576,聯合再生,-0.77,-0.21786999107189747,-0.5020406622551337,0.5668108604297718,-0.1200439719392386,-568080.0,-492161.0,2.0,-21.79,-50.2,56.68,-12.0
3583,辛耘,13.82,0.3349094849449952,0.13855676819183058,0.7442273321314847,0.1884870267466331,1320431.0,388478.0,5.0,33.49,13.86,74.42,18.85
3588,通嘉,0.5,0.339873787984278,0.012167425555152694,0.11746380887503886,0.01744019665185621,174438.0,141622.0,5.0,33.99,1.22,11.75,1.74
3591,艾笛森,-0.34,0.21230345121638391,0.002205974112410652,0.2748523788751307,-0.013962813396309878,188474.0,-47004.0,4.0,21.23,0.22,27.49,-1.4
3592,瑞鼎,18.24,0.2851586287534822,0.06804337637493381,0.41402336804118045,0.12008708094206377,1198633.0,-1142302.0,5.0,28.52,6.8,41.4,12.01
3593,力銘,-1.4,0.010265102842405519,-0.11739708924551859,0.7813698338304218,-0.2672144928033487,-2280.0,-29673.0,,1.03,-11.74,78.14,-26.72
3596,智易,12.6,0.15264363724884075,0.0660694686524935,0.6198887911425496,0.16370194486725764,3734555.0,-847725.0,5.0,15.26,6.61,61.99,16.37
3605,宏致,4.35,0.2600180651936354,0.0549374159553654,0.4656877101639748,0.08334706222167489,1209917.0,225909.0,5.0,26.0,5.49,46.57,8.33
3607,谷崧,0.02,0.10255411062616905,-0.02881446512870758,0.39010571408830236,0.0012644858005682747,148936.0,159586.0,,10.26,-2.88,39.01,0.13
3617,碩天,14.47,0.5363565144418887,0.16152891507505424,0.31963474494351085,0.143372305700192,1879471.0,2246429.0,5.0,53.64,16.15,31.96,14.34
3622,洋華,6.09,0.4439611435339959,0.2801441557967424,0.09910176634626754,0.12439515500741953,312600.0,347828.0,5.0,44.4,28.01,9.91,12.44
3645,達邁,1.54,0.26864059759804554,0.10892773321130575,0.3306969677153193,0.06002188182480349,705300.0,367536.0,5.0,26.86,10.89,33.07,6.0
3652,精聯,1.34,0.3420810132858396,0.04492533442934171,0.2612108264171163,0.05216077982907148,109664.0,-423051.0,5.0,34.21,4.49,26.12,5.22
3653,健策,36.75,0.4159679401478932,0.32049065730657134,0.17533931017463752,0.23252871610378784,4773519.0,3759939.0,5.0,41.6,32.05,17.53,23.25
3661,世芯-KY,69.18,0.26367298525788513,0.16222056120120187,0.29660356811378996,0.1371471449776038,15271709.0,9443740.0,5.0,26.37,16.22,29.66,13.71
3665,貿聯-KY,46.57,0.31726967735690986,0.1748503718149377,0.43334872462288393,0.19310262292778738,8595400.0,-2242464.0,5.0,31.73,17.49,43.33,19.31
3669,圓展,1.13,0.5840002971895042,0.04394966431813188,0.2627036598160642,0.03177550115231897,135103.0,-21662.0,5.0,58.4,4.39,26.27,3.18
3673,TPK-KY,2.71,0.06288026747085487,0.011596829993443537,0.5339222435873473,0.028121775320741386,5069494.0,-9785113.0,5.0,6.29,1.16,53.39,2.81
3679,新至陞,9.78,0.3296800967079271,0.22435679946859843,0.45499833804266787,0.12340289751248411,841545.0,1134478.0,5.0,32.97,22.44,45.5,12.34
3686,達能,-0.5,-0.007352941176470588,-0.325242379043535,0.014564666825875575,-0.05695210284917589,-18347.0,35107.0,,-0.74,-32.52,1.46,-5.7
3694,海華,4.03,0.1461523992766045,0.04946435249962263,0.4888227748932272,0.16773689395329536,801075.0,470531.0,3.0,14.62,4.95,48.88,16.77
3701,大眾控,-0.38,0.17466026820572514,-0.0014562912289572529,0.5116132566728275,-0.023077302566941234,1006673.0,894928.0,4.0,17.47,-0.15,51.16,-2.31
3702,大聯大,5.77,0.0395750833665811,0.01998857218446735,0.7925643554205183,0.12729252365077579,22216104.0,21830291.0,5.0,3.96,2.0,79.26,12.73
3703,欣陸,1.8,0.12002923122251301,0.048073772331268534,0.6973786733924675,0.0511070978948889,2830578.0,1559.0,5.0,12.0,4.81,69.74,5.11
3704,合勤控,1.56,0.26658504642541614,0.0342603393940889,0.4579000572812605,0.056312573277701616,336140.0,-179354.0,5.0,26.66,3.43,45.79,5.63
3705,永信,3.31,0.4352313208897863,0.1575260265997951,0.2884371517838893,0.11624487310525672,1513719.0,-17360.0,5.0,43.52,15.75,28.84,11.62
3706,神達,5.15,0.11347138349682549,0.05090101367027429,0.46803802230752073,0.10381225807247942,418736.0,4443410.0,5.0,11.35,5.09,46.8,10.38
3708,上緯投控,35.57,0.1521107373806289,-0.45504227839893063,0.1862270654479105,-0.037498424026884546,205443.0,5345270.0,5.0,15.21,-45.5,18.62,-3.75
3711,日月光投控,9.37,0.17693685862099853,0.07864347618271193,0.5801713369675326,0.12061270422706483,142249287.0,-23394972.0,5.0,17.69,7.86,58.02,12.06
3712,永崴投控,-22.85,-0.4781350113363679,-0.5373112659432622,0.93704263596028,-5.815243486216228,-5863121.0,-11788148.0,5.0,-47.81,-53.73,93.7,-581.52
3714,富采,-3.69,0.05700976183590766,-0.15702064864175264,0.18077837089290466,-0.06404984877774761,2128999.0,1752557.0,2.0,5.7,-15.7,18.08,-6.4
3715,定穎投控,2.7,0.19337338927477415,0.05962279984008604,0.6723095568238879,0.07230519056548892,592406.0,-5438277.0,4.0,19.34,5.96,67.23,7.23
3716,中化控股,2.39,0.38708206064494133,0.05001731015682057,0.3884858661662485,0.039620669407239156,740598.0,631727.0,2.0,38.71,5.0,38.85,3.96
3717,聯嘉投控,0.08,0.1537994936842971,0.017435096934643176,0.6159627297112598,0.005186654090692886,363884.0,-100756.0,,15.38,1.74,61.6,0.52
4104,佳醫,4.7,0.21325755731214863,0.08277613662894022,0.38217393221981094,0.1050453494326276,-1363630.0,-1138738.0,5.0,21.33,8.28,38.22,10.5
4106,雃博,1.2,0.4590035818680615,0.062732600988549,0.20397302033227524,0.04814861220519513,207452.0,233779.0,5.0,45.9,6.27,20.4,4.81
4108,懷特,-0.29,0.30683034121983116,-1.2972669718226133,0.025253742227729904,-0.05878784804448989,-39715.0,75108.0,,30.68,-129.73,2.53,-5.88
4119,旭富,0.9,0.2612337391718513,0.11553374214866192,0.21669774523780552,0.019904413435803476,220319.0,-292606.0,5.0,26.12,11.55,21.67,1.99
4133,亞諾法,-0.02,0.4435281626193072,0.04853700124395458,0.05329877527340674,-0.0009080816079650138,-4192.0,-10410.0,5.0,44.35,4.85,5.33,-0.09
4137,麗豐-KY,7.13,0.8208929245994552,0.1901579488184459,0.44594091167579036,0.11143114874327482,775777.0,620286.0,5.0,82.09,19.02,44.59,11.14
4142,國光生,-0.57,0.20584145141530402,-0.25654851477094914,0.38338350849885605,-0.06669612763543366,-5446.0,-204424.0,1.0,20.58,-25.65,38.34,-6.67
4148,全宇生技-KY,2.28,0.28126942380578246,0.10057127394394685,0.1845856404723689,0.07518065419749873,253002.0,-24797.0,5.0,28.13,10.06,18.46,7.52
4155,訊映,0.58,0.275815960341709,0.06932747326181733,0.33078091683327165,0.03864821568831863,318860.0,-79636.0,4.0,27.58,6.93,33.08,3.86
4164,承業醫,1.0,0.26118982875123914,0.09044535591185646,0.4848517951659777,0.02960158458116129,1002457.0,-638419.0,5.0,26.12,9.04,48.49,2.96
4169,泰宗,0.32,0.46242620253219957,0.027212611106491553,0.12361990574459693,0.01816519238331683,37131.0,40169.0,5.0,46.24,2.72,12.36,1.82
4178,永笙-KY,-0.92,0.3437684663634343,-0.6103644751893396,0.43731354440616227,-0.10168556740458046,-52426.0,-161260.0,,34.38,-61.04,43.73,-10.17
4190,佐登-KY,-1.59,0.6414541155992024,-0.040374635464364816,0.7592317778403184,-0.05762669381042773,511347.0,275420.0,5.0,64.15,-4.04,75.92,-5.76
4195,基米-創,-0.54,0.32659961178754193,-0.11880854067407799,0.5918578421507672,-0.13251845813804022,-86789.0,-154629.0,2.0,32.66,-11.88,59.19,-13.25
4306,炎洲,0.26,0.1529595908429261,0.038652011230728964,0.6321191171507189,0.020804408107021947,-205622.0,-376856.0,5.0,15.3,3.87,63.21,2.08
4414,如興,0.68,0.19663161752895522,0.03712194915252433,0.6636967166255073,0.03953230888347435,1162134.0,200165.0,1.0,19.66,3.71,66.37,3.95
4426,利勤,-2.94,-0.18514327096396319,-0.4430741394888466,0.561221598957448,-0.2708590165194253,-296909.0,-517285.0,,-18.51,-44.31,56.12,-27.09
4438,廣越,3.04,0.13213941326287643,0.04067450623439727,0.41337754006488775,0.04192426352273142,-427314.0,-482250.0,5.0,13.21,4.07,41.34,4.19
4439,冠星-KY,7.73,0.17929807375123702,0.060130406284406225,0.4588888991006304,0.08762783535167255,382980.0,100610.0,5.0,17.93,6.01,45.89,8.76
4440,宜新實業,1.14,0.11825441880518538,0.07894975576041607,0.42413335010058173,,-4815.0,-5365.0,5.0,11.83,7.89,42.41,
4441,振大環球,14.79,0.23059483889097665,0.1425453997087456,0.18448165411700185,0.13371844546269251,192090.0,-200228.0,5.0,23.06,14.25,18.45,13.37
4526,東台,1.81,0.15776871750494714,-0.13274960249359008,0.6138908735411477,0.09326519552203427,-853355.0,168488.0,5.0,15.78,-13.27,61.39,9.33
4532,瑞智,2.05,0.16660704766610598,0.06747460521520783,0.5985522221954248,0.10640105470663802,90336.0,-1458598.0,5.0,16.66,6.75,59.86,10.64
4536,拓凱,14.92,0.3531193986952678,0.1871019830690165,0.294812841592273,0.15640291638565457,2208917.0,1713936.0,5.0,35.31,18.71,29.48,15.64
4540,全球傳動,-0.66,0.09628613738751939,-0.11727405219334748,0.5422407770742294,-0.021473189461678647,-514922.0,-129798.0,3.0,9.63,-11.73,54.22,-2.15
4545,銘鈺,0.17,0.15283122387609627,0.014607607448296658,0.3913586006540382,0.006894382065031831,-28365.0,-222205.0,5.0,15.28,1.46,39.14,0.69
4551,智伸科,6.04,0.2314002775697347,0.13390700813087322,0.3557618447752084,0.07773016054797542,1102936.0,767588.0,5.0,23.14,13.39,35.58,7.77
4552,力達-KY,2.07,0.1943606340594186,0.08999134282555057,0.2089808076627175,0.03874967467293356,455807.0,231780.0,5.0,19.44,9.0,20.9,3.87
4555,氣立,0.19,0.3090306565827652,0.030702747619858622,0.34537506390330835,0.01014287237783097,146848.0,-111991.0,4.0,30.9,3.07,34.54,1.01
4557,永新-KY,-0.67,0.29571609320917264,-0.00014455641830497275,0.5110880407484701,-0.01149655237854251,597005.0,16311.0,5.0,29.57,-0.01,51.11,-1.15
4560,強信-KY,3.02,0.3570447193337636,0.15658313494476642,0.1919338302462537,0.10307375231692706,313650.0,258509.0,5.0,35.7,15.66,19.19,10.31
4562,穎漢,-1.28,0.36426715949364263,-0.15491107757976916,0.5714570325900914,-0.12740892849445906,-84372.0,-114935.0,,36.43,-15.49,57.15,-12.74
4564,元翎,-1.86,-0.20298344125675127,-0.3421238893083222,0.3790495620244658,-0.10228949605343048,98867.0,73932.0,3.0,-20.3,-34.21,37.9,-10.23
4566,時碩工業,1.36,0.22146108398597436,0.044259622423723236,0.5237086778618008,0.02773699788429668,390652.0,-79992.0,5.0,22.15,4.43,52.37,2.77
4569,六方科-KY,4.13,0.20832338419589144,0.07988708049943387,0.21974165167011475,0.045525510747350215,272769.0,-208404.0,5.0,20.83,7.99,21.97,4.55
4571,鈞興-KY,9.61,0.32770834957880324,0.17349998711238038,0.21305397720554758,0.1575160479550284,661399.0,380276.0,5.0,32.77,17.35,21.31,15.75
4572,駐龍,3.0,0.345415247479001,0.2055793639554903,0.31718845818348146,0.05931207419603914,275305.0,38771.0,5.0,34.54,20.56,31.72,5.93
4576,大銀微系統,2.01,0.3650773826825923,0.11945326479433327,0.36715236504575244,0.06335482421086165,442591.0,253883.0,5.0,36.51,11.95,36.72,6.34
4581,光隆精密-KY,4.73,0.3316403966957362,0.17053406659150003,0.5055614106592901,0.13055577039717658,170189.0,-27228.0,5.0,33.16,17.05,50.56,13.06
4583,台灣精銳,12.0,0.5215891037308995,0.31431709693440696,0.0944962279270702,0.09440012813817567,1162405.0,-1042303.0,5.0,52.16,31.43,9.45,9.44
4585,達明,1.46,0.5098515719542615,0.060987489675346236,0.11331822494211118,0.01984662056600053,271645.0,-4927339.0,1.0,50.99,6.1,11.33,1.98
4588,玖鼎電力,3.2,0.33219165801898326,0.1979919264141,0.563625407611312,,211183.0,117370.0,4.0,33.22,19.8,56.36,
4590,富田-創,2.72,0.2918717310625475,0.001667273883698384,0.4394564564995522,,1316473.0,1149770.0,4.0,29.19,0.17,43.95,
4720,德淵,0.74,0.23030374696378242,0.03377331244730963,0.48577833872185433,0.05252946889857089,146076.0,-217713.0,5.0,23.03,3.38,48.58,5.25
4722,國精化,2.0,0.16821701100978761,0.06256817070991964,0.5293176658699396,0.06305249005045312,-20809.0,-1001888.0,5.0,16.82,6.26,52.93,6.31
4736,泰博,15.12,0.4595939281654505,0.22744427923664642,0.2080660752297829,0.14952228017100955,853394.0,555278.0,5.0,45.96,22.74,20.81,14.95
4737,華廣,-2.68,0.34146312278770447,-0.10734106825455186,0.6922354673585303,-0.10273827407491437,494802.0,208730.0,4.0,34.15,-10.73,69.22,-10.27
4739,康普,1.56,0.1370768952702981,0.07051951435518257,0.4659367528124224,0.026726824212775783,-564335.0,-1718807.0,5.0,13.71,7.05,46.59,2.67
4746,台耀,3.67,0.41887290504491836,0.16555718327882282,0.37324200696044196,0.051053069136051066,1315247.0,469945.0,5.0,41.89,16.56,37.32,5.11
4755,三福化,3.7,0.21726649438342574,0.10311974925882228,0.36421076643413053,0.06880459283636368,930831.0,598135.0,5.0,21.73,10.31,36.42,6.88
4763,材料*-KY,6.1,0.5860078924364931,0.524854055526391,0.08085885302025861,0.3039917520079055,3201300.0,-151078.0,5.0,58.6,52.49,8.09,30.4
4764,雙鍵,1.22,0.19819780938506149,0.05803592732008971,0.5092666957486728,0.04590407286094742,280580.0,3775.0,4.0,19.82,5.8,50.93,4.59
4766,南寶,20.25,0.34120392053517234,0.16448953983443837,0.4435939854200568,0.19176936707781628,3365299.0,2427787.0,5.0,34.12,16.45,44.36,19.18
4770,上品,10.2,0.3297630901745244,0.21223134837123703,0.20498072727669578,0.09911058820956906,1601514.0,637453.0,5.0,32.98,21.22,20.5,9.91
4771,望隼,12.71,0.40889310847320187,0.28845239576744214,0.3756607672164858,0.2027701837695611,1076510.0,-184790.0,5.0,40.89,28.85,37.57,20.28
4807,日成-KY,-0.24,0.14531564390454324,0.01301990577625573,0.4308063685255716,-0.001836808876491682,183194.0,137849.0,3.0,14.53,1.3,43.08,-0.18
4904,遠傳,3.81,0.3027820372807635,0.15723580277348692,0.4856432948683084,0.1504920884485611,32856279.0,25509048.0,5.0,30.28,15.72,48.56,15.05
4906,正文,-0.25,0.13809816421453683,0.0036364661561822742,0.38030722520843846,-0.009276557513271944,2760455.0,1674866.0,5.0,13.81,0.36,38.03,-0.93
4912,聯德控股-KY,1.98,0.2150325900634846,0.0642726120605624,0.5692207460542066,0.05490621674541079,274866.0,-405541.0,5.0,21.5,6.43,56.92,5.49
4915,致伸,5.71,0.17316883639024788,0.04722370283089017,0.5993556239920339,0.12799208284941407,3222633.0,671687.0,5.0,17.32,4.72,59.94,12.8
4916,事欣科,1.77,0.20013758401362525,0.0809950985695146,0.3855463763095261,0.062230753565888475,116327.0,-18435.0,5.0,20.01,8.1,38.55,6.22
4919,新唐,-3.97,0.36694023412639826,-0.04027378215791217,0.5626138241900319,-0.1268992843026853,-289575.0,-1500451.0,5.0,36.69,-4.03,56.26,-12.69
4927,泰鼎-KY,-8.65,-0.012835809220838873,-0.14144717005903054,0.6984870483291923,-0.34423023661993135,-415775.0,-1196846.0,3.0,-1.28,-14.14,69.85,-34.42
4930,燦星網,0.6,0.14476405837061518,0.0035558001078033075,0.4374524726631894,0.038301301999053995,156552.0,321586.0,5.0,14.48,0.36,43.75,3.83
4934,太極,-0.95,-1.4673651454604475,-4.92545082104839,0.2948946179839557,-0.25090385272655535,-278344.0,-421684.0,,-146.74,-492.55,29.49,-25.09
4935,茂林-KY,1.34,0.1487713290360826,0.015747927016632645,0.20556905813603885,0.021672816415558037,813638.0,41144.0,5.0,14.88,1.57,20.56,2.17
4938,和碩,5.39,0.038044009367711365,0.01039123763913715,0.6044746006741075,0.0873410801606308,19639600.0,2806865.0,5.0,3.8,1.04,60.45,8.73
4942,嘉彰,3.06,0.2343890236444751,0.09352097877702123,0.2304940398713687,0.04792861769670684,248323.0,-207013.0,5.0,23.44,9.35,23.05,4.79
4943,康控-KY,-1.88,-0.030113785275772367,-0.25835167832246436,0.9043644246437735,-1.397445183721195,-68869.0,-179181.0,1.0,-3.01,-25.84,90.44,-139.74
4949,有成精密,1.91,0.3621835972404265,0.08418050861386411,0.27165700259217374,0.07717343847161398,142219.0,100548.0,5.0,36.22,8.42,27.17,7.72
4952,凌通,1.03,0.334112621651214,0.04113984426764912,0.2341305620948383,0.05316291698330695,213479.0,191758.0,5.0,33.41,4.11,23.41,5.32
4956,光鋐,-0.8,0.050526936901742966,-0.06578909329196019,0.40224862087830254,-0.04951346257504049,280893.0,173363.0,2.0,5.05,-6.58,40.22,-4.95
4958,臻鼎-KY,6.91,0.19798423879866944,0.0763283768794075,0.39040559519768053,0.08553778088634056,27616511.0,-4343490.0,5.0,19.8,7.63,39.04,8.55
4960,誠美材,-2.58,-0.04499877938585175,-0.1545754518875554,0.43411915107520993,-0.19916272836831564,-541033.0,774678.0,,-4.5,-15.46,43.41,-19.92
4961,天鈺,9.65,0.28496738600942756,0.07418344143528792,0.1425808007720114,0.09268745752008538,2559422.0,2184613.0,5.0,28.5,7.42,14.26,9.27
4967,十銓,13.06,0.14266467317220216,0.06902271435291049,0.6769905929643476,0.2288090815026684,-3520704.0,-3665263.0,4.0,14.27,6.9,67.7,22.88
4968,立積,2.66,0.3627002206205075,0.06347830733375105,0.2513817801263723,0.08911997649857915,515948.0,-108159.0,4.0,36.27,6.35,25.14,8.91
4976,佳凌,-1.88,-0.08139631758726985,-0.2654522643848842,0.14431375548565364,,-67062.0,-116309.0,,-8.14,-26.55,14.43,
4977,眾達-KY,4.48,0.24972952859368822,0.06820158608339728,0.15283173974458045,0.08789550377276732,-74119.0,-126134.0,5.0,24.97,6.82,15.28,8.79
4989,榮科,-3.48,-0.12561860077876447,-0.17327058533572384,0.3142499721824811,-0.32557787447019265,-395081.0,-439702.0,3.0,-12.56,-17.33,31.42,-32.56
4994,傳奇,1.96,0.6670356492898912,0.1352349437793664,0.2985118559569331,0.12695205137785534,-200283.0,-209543.0,5.0,66.7,13.52,29.85,12.7
4999,鑫禾,-1.68,0.1387446495791079,-0.03626741942436357,0.16459500167979882,-0.03850332079559324,-81111.0,-1140262.0,5.0,13.87,-3.63,16.46,-3.85
5007,三星,3.02,0.2387918648932593,0.15766410909447787,0.13886243397725948,0.12587011075161045,1033022.0,654897.0,5.0,23.88,15.77,13.89,12.59
5203,訊連,3.63,0.8447033672615558,0.14953246708891949,0.235689368530048,0.06182935394771428,-425202.0,-10173.0,5.0,84.47,14.95,23.57,6.18
5215,科嘉-KY,2.04,0.21970153443621662,0.05151338201777548,0.22687342756197207,0.04187671567732201,293221.0,-258735.0,5.0,21.97,5.15,22.69,4.19
5222,全訊,2.51,0.5233387891451001,0.25675182902422006,0.15988638921499518,,305257.0,30284.0,5.0,52.33,25.68,15.99,
5225,東科-KY,10.26,0.16431784200295993,0.06738867306639786,0.4670585883296595,0.22763842136586013,382239.0,130080.0,5.0,16.43,6.74,46.71,22.76
5234,達興材料,7.37,0.4059580381698565,0.18419842502201508,0.3101550388961279,0.21458584454329901,980820.0,768446.0,5.0,40.6,18.42,31.02,21.46
5243,乙盛-KY,4.4,0.21312073994894706,0.07859060307683495,0.39942563838057504,0.09012159950435236,2198302.0,1813677.0,5.0,21.31,7.86,39.94,9.01
5244,弘凱,0.51,0.4005227255216884,0.041522897392891646,0.33554832511053523,0.019336463213249864,12926.0,-323382.0,5.0,40.05,4.15,33.55,1.93
5258,虹堡,4.23,0.34912702090390013,0.08085777998314093,0.5141149777554599,0.10777360041304872,780208.0,658227.0,5.0,34.91,8.09,51.41,10.78
5269,祥碩,72.7,0.5223123556093479,0.29512851070884677,0.11395649102375993,0.15012272613292615,4070189.0,-7410683.0,5.0,52.23,29.51,11.4,15.01
5283,禾聯碩,5.63,0.33016514169909056,0.08295390779704405,0.3508596788086913,0.10267586181623291,539589.0,131257.0,5.0,33.02,8.3,35.09,10.27
5284,jpp-KY,12.05,0.37804118116092544,0.21131738171974565,0.4996701482184299,0.16602549573998174,255404.0,138568.0,5.0,37.8,21.13,49.97,16.6
5285,界霖,1.53,0.13273316877389257,0.04422874634798825,0.44060970168173114,0.052739201882532206,470826.0,327281.0,5.0,13.27,4.42,44.06,5.27
5288,豐祥-KY,12.25,0.22363863493989697,0.1373427402508985,0.17512267860573455,0.1370898216716453,1050134.0,966907.0,5.0,22.36,13.73,17.51,13.71
5292,華懋,9.93,0.23650091799105183,0.17239917389543116,0.5542147757692608,0.21750768501225026,808484.0,-490061.0,5.0,23.65,17.24,55.42,21.75
5306,桂盟,7.66,0.44225008091247897,0.21892843232446055,0.35828783013886656,0.10858566648946968,1163984.0,525052.0,5.0,44.23,21.89,35.83,10.86
5388,中磊,4.04,0.1569479159317052,0.029721869286398025,0.6701296877889169,0.07514723298259476,1725996.0,63892.0,5.0,15.69,2.97,67.01,7.51
5434,崇越,21.81,0.12799535437117068,0.06599504249045525,0.5171878731346982,0.20960403860987684,5143745.0,4168515.0,5.0,12.8,6.6,51.72,20.96
5469,瀚宇博,6.05,0.1971885151981864,0.10643171625417817,0.5225221215934898,0.13021762479030818,7464674.0,-2164018.0,5.0,19.72,10.64,52.25,13.02
5471,松翰,0.72,0.41352051761589326,0.03804007397075554,0.1182083909913162,0.03426806864644284,95300.0,-27346.0,5.0,41.35,3.8,11.82,3.43
5484,慧友,-0.6,0.22853908969157288,-0.14681597484227035,0.4741862878122755,-0.0816443834573988,-77544.0,-82141.0,,22.85,-14.68,47.42,-8.16
5515,建國,4.48,0.16648467615460155,0.10294339822605758,0.523512131736917,0.17203659510548555,2653424.0,2134799.0,5.0,16.65,10.29,52.35,17.2
5519,隆大,4.96,0.33102993277432996,0.24612295041675808,0.5792979419820338,0.17490362550743727,1888531.0,1843333.0,5.0,33.1,24.61,57.93,17.49
5521,工信,0.52,0.06715521237742562,0.02740786799418923,0.5927004612270765,0.045114314487144605,2567920.0,657231.0,2.0,6.72,2.74,59.27,4.51
5522,遠雄,7.45,0.3414937139860356,0.24758004487925817,0.5377769604938469,0.11534654815194656,7243314.0,6738403.0,5.0,34.15,24.76,53.78,11.53
5525,順天,1.4,0.39111878351255386,0.20894217516069238,0.7341561110350786,0.07688269722483076,-1318522.0,-1326599.0,5.0,39.11,20.89,73.42,7.69
5531,鄉林,-0.28,0.22595351100694455,-0.7116686757265478,0.7793374251417441,-0.04558233592671246,-591634.0,-753722.0,,22.6,-71.17,77.93,-4.56
5533,皇鼎,0.56,0.2998041231181951,0.1404637327212288,0.18468571342931478,0.016550669486053705,-352848.0,-319452.0,5.0,29.98,14.05,18.47,1.66
5534,長虹,6.0,0.38231066640361133,0.28892275890093905,0.5641580831461991,0.09354687909073693,115511.0,54602.0,5.0,38.23,28.89,56.42,9.35
5538,東明-KY,3.02,0.12122096032362743,0.055644198944667204,0.49173248225106836,0.08210776447700274,779393.0,572731.0,5.0,12.12,5.56,49.17,8.21
5546,永固-KY,-2.13,0.06875370918359235,-0.052068858861492866,0.5970243896935818,-0.10980315642264953,192928.0,115271.0,4.0,6.88,-5.21,59.7,-10.98
5607,遠雄港,2.77,0.4967707349757956,0.36904182621104076,0.5929864264723925,0.09298761193539681,2094604.0,1163420.0,5.0,49.68,36.9,59.3,9.3
5608,四維航,-0.13,0.06383951033730267,-0.029796419869179556,0.47302633751239376,-0.013945295907086942,1095620.0,1766176.0,3.0,6.38,-2.98,47.3,-1.39
5706,鳳凰,3.39,0.1492364460078747,0.07335360464063283,0.400021963748802,0.15250595509710263,358949.0,480031.0,5.0,14.92,7.34,40.0,15.25
5871,中租-KY,11.24,0.6593483393532246,0.27897478477872784,0.799726619975596,0.11402861594106176,20288422.0,7955209.0,5.0,65.93,27.9,79.97,11.4
5906,台南-KY,0.98,0.5505252047748591,0.024616985535685084,0.6508844692923724,0.04924798656643193,121798.0,56177.0,5.0,55.05,2.46,65.09,4.92
5907,大洋-KY,-4.55,0.853001940206175,-0.0865667073996076,0.8203439593921619,-0.2331164832264531,391924.0,343160.0,1.0,85.3,-8.66,82.03,-23.31
6108,競國,-0.88,0.043375736683075844,-0.08692147945524302,0.4968362184698846,-0.042129015099165314,138666.0,640178.0,5.0,4.34,-8.69,49.68,-4.21
6112,邁達特,1.82,0.14418988432609947,0.02257591700711297,0.6220465549433051,0.0900877932342786,1066633.0,1111468.0,5.0,14.42,2.26,62.2,9.01
6115,鎰勝,2.85,0.16292805397885304,0.10326128418047907,0.36549587289175006,0.10088338966387915,255407.0,353713.0,5.0,16.29,10.33,36.55,10.09
6116,彩晶,-0.75,-0.15430840556677838,-0.29703168455482,0.21060660467988634,-0.06291378920933548,-904255.0,3035158.0,2.0,-15.43,-29.7,21.06,-6.29
6117,迎廣,3.77,0.3106947462112384,0.14470395785275214,0.6224946434084148,0.1559873130162429,605567.0,-310845.0,2.0,31.07,14.47,62.25,15.6
6120,達運,-0.19,0.05032744992901705,-0.014356129332783647,0.45269264943489806,-0.013698774738927725,581411.0,227096.0,4.0,5.03,-1.44,45.27,-1.37
6128,上福,-9.56,0.38700679564722057,0.02647220930334427,0.5705783359376961,-0.4403513862932059,206238.0,73110.0,5.0,38.7,2.65,57.06,-44.04
6133,金橋,0.72,0.24046293782242736,0.1046998031496063,0.340122064920552,0.0529697426699,73574.0,67952.0,1.0,24.05,10.47,34.01,5.3
6136,富爾特,0.89,0.25675257248303257,-0.09188690457573578,0.11518906099808052,0.02654266258455253,203841.0,116947.0,5.0,25.68,-9.19,11.52,2.65
6139,亞翔,30.51,0.159694386960659,0.129780643526669,0.6798156356589622,0.4734826772199273,23111731.0,23130091.0,5.0,15.97,12.98,67.98,47.35
6141,柏承,-4.65,0.08647753873592688,-0.1149498383680749,0.8798655753291192,-0.9892624878511177,240507.0,259330.0,2.0,8.65,-11.49,87.99,-98.93
6142,友勁,-0.26,0.09365591403810365,-0.10640573123658092,0.30001798156780396,-0.029200313103751575,-110504.0,-52949.0,2.0,9.37,-10.64,30.0,-2.92
6152,百一,-1.47,0.13199465189255166,-0.19530010557484836,0.5659983325900548,-0.1973101373300356,-359800.0,-375341.0,,13.2,-19.53,56.6,-19.73
6153,嘉聯益,-4.38,-0.2169483601043738,-0.41395833179335173,0.4336079889654734,-0.30284193346801264,-668059.0,-306329.0,2.0,-21.69,-41.4,43.36,-30.28
6155,鈞寶,0.74,0.24437553522047523,0.04900363910350471,0.24320678780440275,0.04077311717950736,64516.0,203274.0,5.0,24.44,4.9,24.32,4.08
6164,華興,0.07,0.34067227831901736,0.008809465600061189,0.35780219200192237,0.005777651084483676,7398.0,1374.0,4.0,34.07,0.88,35.78,0.58
6165,浪凡,4.02,0.2946903474481084,0.10993064961365302,0.5119112175325561,0.20288855058169883,264550.0,-202390.0,3.0,29.47,10.99,51.19,20.29
6166,凌華,2.35,0.3574360169802826,0.05573687866259895,0.5620769034655796,0.08910887379369703,746727.0,619682.0,5.0,35.74,5.57,56.21,8.91
6168,宏齊,0.05,0.25223516478951946,-0.019628299255854704,0.16910322693326435,-0.0006205984370456865,-55608.0,-85313.0,4.0,25.22,-1.96,16.91,-0.06
6176,瑞儀,9.4,0.2140411235849061,0.12034627379354228,0.47576290748600736,0.1210784544114811,5389383.0,216834.0,5.0,21.4,12.03,47.58,12.11
6177,達麗,3.84,0.2985967574672639,0.23713019359425408,0.7363502024980989,0.16470329916018497,-339956.0,-131037.0,5.0,29.86,23.71,73.64,16.47
6183,關貿,3.9,0.4339551988086915,0.24664336108815865,0.3819513374675439,0.2071401863472466,678479.0,182726.0,5.0,43.4,24.66,38.2,20.71
6184,大豐電,2.57,0.526456737867353,0.28634511278822655,0.35618363229403305,0.0836897716206133,717267.0,577902.0,5.0,52.65,28.63,35.62,8.37
6189,豐藝,2.73,0.08806618240424134,0.04849646811673742,0.5668415153570361,0.1342134658241331,482671.0,793781.0,5.0,8.81,4.85,56.68,13.42
6191,精成科,6.55,0.19261395493647362,0.10377468747017024,0.5654228456880805,0.12023858793457545,5501700.0,-2330270.0,5.0,19.26,10.38,56.54,12.02
6192,巨路,10.06,0.3280346259058732,0.16496100589539647,0.3783804089829218,0.12870216539597992,934176.0,71868.0,5.0,32.8,16.5,37.84,12.87
6196,帆宣,15.5,0.10959968681033319,0.044167162424903726,0.7181402115945315,0.19705444222015941,5661243.0,4518556.0,5.0,10.96,4.42,71.81,19.71
6197,佳必琪,8.67,0.3433727301382853,0.20008666004049852,0.39090276969781224,0.22475671134258707,800233.0,1368441.0,5.0,34.34,20.01,39.09,22.48
6201,亞弘電,3.71,0.23598242501807934,0.11702277305514093,0.2131816449663012,0.11758819984923498,319200.0,317064.0,5.0,23.6,11.7,21.32,11.76
6202,盛群,0.76,0.3851857690136644,0.03497636475781644,0.28320070169699596,0.04742493080898381,380453.0,815547.0,5.0,38.52,3.5,28.32,4.74
6205,詮欣,2.0,0.39915442424384606,0.12221773392442016,0.30472914957837854,0.06256558590589197,296944.0,72659.0,5.0,39.92,12.22,30.47,6.26
6206,飛捷,6.9,0.4412687449318219,0.2506821983826737,0.15066508613569896,0.18605192400730308,935850.0,528699.0,5.0,44.13,25.07,15.07,18.61
6209,今國光,0.92,0.19353274545918006,0.0512612498901398,0.3584504017421952,0.051008298034021814,253284.0,-314542.0,3.0,19.35,5.13,35.85,5.1
6213,聯茂,4.16,0.14455511181652533,0.07199001833418368,0.44346571391718176,0.07101221938371273,2269352.0,787091.0,5.0,14.46,7.2,44.35,7.1
6214,精誠,7.91,0.2191788367629301,0.03628896469151141,0.49900942621107836,0.12761919205526845,97609.0,970723.0,5.0,21.92,3.63,49.9,12.76
6215,和椿,2.08,0.24886476889995546,0.0756695219691653,0.39320144992416045,0.10712687015515338,-100621.0,-171738.0,5.0,24.89,7.57,39.32,10.71
6216,居易,0.6,0.4500725041534711,0.07490775200145801,0.06268708439101953,0.10440066428258016,27157.0,93287.0,5.0,45.01,7.49,6.27,10.44
6224,聚鼎,0.67,0.28200050202915133,0.002112589152243846,0.4522136818120026,-0.002821673271021191,300878.0,379256.0,5.0,28.2,0.21,45.22,-0.28
6225,天瀚,-0.06,0.4076711323178565,-0.07970269774270508,0.11549701626747323,-0.020540428137382886,3446.0,-3869.0,,40.77,-7.97,11.55,-2.05
6226,光鼎,-0.28,0.2854178636505409,-0.08281924585911979,0.43210174602668466,-0.027343186894348587,1076.0,-83371.0,,28.54,-8.28,43.21,-2.73
6230,尼得科超眾,-2.44,0.15234225171458834,-0.003995391109124883,0.43946652086931476,-0.036714089031665904,328312.0,209097.0,5.0,15.23,-0.4,43.95,-3.67
6235,華孚,2.9,0.2615731317309173,0.09667588594599626,0.5173166921849167,0.11617408280666211,1350481.0,467448.0,5.0,26.16,9.67,51.73,11.62
6239,力成,7.48,0.16988264407043865,0.10852679565222266,0.4213012256109348,0.12827220345528362,16697873.0,-9325411.0,5.0,16.99,10.85,42.13,12.83
6243,迅杰,-0.52,0.4296153570547067,0.004509661854980612,0.3389516073518276,0.05906898780479143,130835.0,14119.0,5.0,42.96,0.45,33.9,5.91
6257,矽格,6.14,0.29219562616313227,0.20255844685477187,0.4217796515124661,0.152867961431097,6416402.0,2783650.0,5.0,29.22,20.26,42.18,15.29
6269,台郡,-6.95,0.013215433085155725,-0.1477311663870377,0.36446404546180006,-0.10341421890739265,-54028.0,1152829.0,3.0,1.32,-14.77,36.45,-10.34
6271,同欣電,7.64,0.2760355304338666,0.1391354547546246,0.22181768699166582,0.06001887744845019,3758236.0,2999935.0,5.0,27.6,13.91,22.18,6.0
6272,驊陞,3.43,0.26402669050786104,0.09087117825587919,0.5141144465376806,0.13781172946827344,393391.0,218913.0,5.0,26.4,9.09,51.41,13.78
6277,宏正,3.08,0.5857954471528849,0.11703182634321513,0.30480324203798703,0.07780929742452233,671186.0,330533.0,5.0,58.58,11.7,30.48,7.78
6278,台表科,9.39,0.12803372027199084,0.07026488842695637,0.5548086527951593,0.11964372177221834,4810834.0,3140188.0,5.0,12.8,7.03,55.48,11.96
6281,全國電,3.7,0.19955494409051525,0.023940608935267466,0.6791924136758405,,1071371.0,494820.0,5.0,19.96,2.39,67.92,
6282,康舒,0.18,0.25746047634676605,0.02251644912633849,0.5540797456750566,0.006266248152981831,2205087.0,-838174.0,5.0,25.75,2.25,55.41,0.63
6283,淳安,-0.22,0.15855505141643425,-0.030379838368488763,0.2565683093697287,-0.018668529422345873,207967.0,348395.0,,15.86,-3.04,25.66,-1.87
6285,啟碁,6.41,0.12482078582240029,0.03417900124483491,0.5446809625513106,0.0893212847967987,8518355.0,5092359.0,5.0,12.48,3.42,54.47,8.93
6405,悅城,-1.26,-35.55220125786163,-136.7748427672956,0.005033624041385502,-0.02034694374356461,-20445.0,-75458.0,2.0,-3555.22,-13677.48,0.5,-2.03
6409,旭隼,40.23,0.2904498706103328,0.21093583290958756,0.44081600112480507,0.3685616530488019,4616530.0,4221845.0,5.0,29.04,21.09,44.08,36.86
6412,群電,5.2,0.16850875515833783,0.06522934816629183,0.5472483888577055,0.13643532044127543,2055852.0,1208059.0,5.0,16.85,6.52,54.72,13.64
6414,樺漢,23.26,0.20506400925003207,0.039851347183891474,0.6113622666354043,0.3027433441244663,11420867.0,7853318.0,5.0,20.51,3.99,61.14,30.27
6415,矽力*-KY,6.4,0.5161709183992141,0.11485038779489941,0.1452979717388936,0.06787622776416584,2304251.0,-6229901.0,5.0,51.62,11.49,14.53,6.79
6416,瑞祺電通,4.3,0.2306839763189699,0.08354636235540482,0.3722221529037921,0.08612079189575744,276088.0,268773.0,5.0,23.07,8.35,37.22,8.61
6426,統新,-0.78,0.2990806673370134,-0.05026574459789456,0.11388207664606331,-0.03316899640169595,83865.0,70397.0,3.0,29.91,-5.03,11.39,-3.32
6431,光麗-KY,-2.07,0.18675072672876572,-0.4176833796600819,0.5112394658958642,-0.33433612869033885,-145326.0,-131254.0,,18.68,-41.77,51.12,-33.43
6438,迅得,5.24,0.2346952896487434,0.08121470684600407,0.43041364853742936,0.07754964931626634,-144950.0,-933643.0,5.0,23.47,8.12,43.04,7.75
6442,光聖,23.46,0.5774419987333796,0.24118231705272433,0.490401455020103,0.25965944228571897,2908847.0,2590914.0,5.0,57.74,24.12,49.04,25.97
6443,元晶,-6.24,-0.7416216251751715,-1.5741598615939703,0.4502718812522311,-0.879175489687988,311187.0,336474.0,3.0,-74.16,-157.42,45.03,-87.92
6446,藥華藥,13.64,0.8922707372161433,0.3152092927196851,0.14530272596291377,0.15778310473158197,5277677.0,2802552.0,2.0,89.23,31.52,14.53,15.78
6449,鈺邦,7.38,0.3465816905298896,0.18561265327394122,0.4368079248752966,0.12960267062877165,803566.0,-78128.0,5.0,34.66,18.56,43.68,12.96
6451,訊芯-KY,0.26,0.16176146087390617,0.021888679262818428,0.5991569087972347,0.009619190770429885,-789833.0,-4207896.0,5.0,16.18,2.19,59.92,0.96
6456,GIS-KY,-0.79,0.06526951302809116,-0.006559879698678899,0.5434179447350282,-0.008839791151563477,1686484.0,-2471846.0,3.0,6.53,-0.66,54.34,-0.88
6464,台數科,4.2,0.5010631735810014,0.2660795738140774,0.5290142684970203,0.06938885028330324,1315615.0,765829.0,5.0,50.11,26.61,52.9,6.94
6472,保瑞,23.9,0.41300853063838866,0.17321503769110289,0.6092473066769614,0.2891830580560325,4503589.0,1123940.0,5.0,41.3,17.32,60.92,28.92
6477,安集,0.02,0.3210848674592351,0.1877167087959668,0.5863558980504608,0.003915550656418574,558095.0,330374.0,5.0,32.11,18.77,58.64,0.39
6491,晶碩,20.87,0.5225437249064516,0.2566888782850947,0.27441419973764597,0.1419004139745425,2658464.0,522400.0,5.0,52.25,25.67,27.44,14.19
6504,南六,-1.09,0.12694898852531705,0.02931720186513298,0.6484783026823892,-0.023092738736578654,764116.0,498957.0,5.0,12.69,2.93,64.85,-2.31
6505,台塑化,1.04,0.035243923055619075,0.017374092414366205,0.13258474596579492,0.027754425500321974,43492365.0,48480469.0,5.0,3.52,1.74,13.26,2.78
6515,穎崴,46.93,0.4526399360381124,0.2634017883517736,0.28735490987268536,0.2595487663973907,1802778.0,2524960.0,5.0,45.26,26.34,28.74,25.95
6525,捷敏-KY,5.88,0.26667330090069113,0.19617304836168842,0.31179709972413927,0.1615989465379064,1295498.0,205624.0,5.0,26.67,19.62,31.18,16.16
6526,達發,17.32,0.5192096317557969,0.13894408419686427,0.23171110953365884,0.1460583132137557,4114903.0,2829095.0,3.0,51.92,13.89,23.17,14.61
6531,愛普*,7.74,0.4647775398491273,0.24692340842615668,0.16120638750763894,0.10127638768146988,2852558.0,4212378.0,5.0,46.48,24.69,16.12,10.13
6533,晶心科,-8.2,0.9993119950317517,-0.28402428109569355,0.29378951463332875,-0.09197658208474553,309922.0,-2135655.0,3.0,99.93,-28.4,29.38,-9.2
6534,正瀚-創,4.51,0.8392888455971719,0.3425339836618966,0.2485610470239817,0.17266908885669727,589023.0,448187.0,5.0,83.93,34.25,24.86,17.27
6541,泰福-KY,-6.13,-1.0991019300647678,-3.4620558594013033,0.2847775203884271,-0.2634636006928016,-1005441.0,-703638.0,,-109.91,-346.21,28.48,-26.35
6550,北極星藥業-KY,-5.1,-6.657898625683464,-70.89788680360573,0.351591205065568,-0.7448974794365046,-2394291.0,-3053955.0,,-665.79,-7089.79,35.16,-74.49
6552,易華電,-14.35,-0.2539237672056801,-0.3728497894699535,0.4810065268807562,,63852.0,-145953.0,5.0,-25.39,-37.28,48.1,
6558,興能高,-1.02,0.18716255015138633,-0.05822221725058541,0.20564335988049737,-0.06935593801635477,113206.0,68937.0,3.0,18.72,-5.82,20.56,-6.94
6573,虹揚-KY,1.23,0.11363854577226444,-0.12203976899036499,0.6143861238654535,0.15940273699909324,368541.0,-49682.0,,11.36,-12.2,61.44,15.94
6579,研揚,5.62,0.3342895034342243,0.0733608003262,0.1988741550882779,0.0818082071185604,2876.0,-905050.0,5.0,33.43,7.34,19.89,8.18
6581,鋼聯,6.17,0.5103430588060747,0.38592057565776083,0.1724082278597752,0.1530588797721344,984233.0,625734.0,5.0,51.03,38.59,17.24,15.31
6582,申豐,-0.41,-0.05497618676588036,-0.2388031536708417,0.03310097282483188,-0.006851829561392118,209000.0,-140743.0,5.0,-5.5,-23.88,3.31,-0.69
6585,鼎基,5.64,0.33017347020419735,0.18312139685765982,0.20787375013783935,0.10433878964291741,661538.0,472911.0,5.0,33.02,18.31,20.79,10.43
6589,台康生技,-2.51,0.19283474405962855,-0.8024535494987842,0.23804034676895106,-0.09117181517446012,298010.0,-924376.0,,19.28,-80.25,23.8,-9.12
6591,動力-KY,5.37,0.33679656840792543,0.14645992986435535,0.3614163357793552,0.09274233073072145,242024.0,105733.0,5.0,33.68,14.65,36.14,9.27
6592,和潤企業,4.72,0.600106985643632,0.17139003080266865,0.8683308066596245,0.08931446539328035,6905580.0,3663099.0,5.0,60.01,17.14,86.83,8.93
6598,ABC-KY,-1.96,0.5490172558922559,-0.46997685185185184,0.3648538961038961,-0.31280365041238156,-226641.0,-99037.0,,54.9,-47.0,36.49,-31.28
6605,帝寶,13.97,0.315039344058778,0.1683880384582991,0.37862219788906104,0.11659200801003747,4129887.0,2226111.0,5.0,31.5,16.84,37.86,11.66
6606,建德工業,1.09,0.4018715318153049,0.23459279647919457,0.19482995537500267,0.07444143496630055,-22499.0,-104413.0,5.0,40.19,23.46,19.48,7.44
6614,資拓宏宇,2.08,0.12917968836580446,0.038288329132135236,0.5652270991625354,0.09508436478932993,-219776.0,-266732.0,5.0,12.92,3.83,56.52,9.51
6625,必應,9.13,0.18609483178914804,0.12919635286272652,0.4755071197238947,0.2706851617882612,598301.0,-742495.0,3.0,18.61,12.92,47.55,27.07
6641,基士德-KY,0.46,0.31529817181520536,-0.006218995119808448,0.3267569412269689,0.00813396965965184,29590.0,41532.0,5.0,31.53,-0.62,32.68,0.81
6645,金萬林-創,-2.41,0.15455354980396727,-0.2594224090992692,0.4960514641074796,-0.30154261127499715,-57167.0,-119335.0,3.0,15.46,-25.94,49.61,-30.15
6655,科定,3.92,0.49896591818657016,0.15758699114693656,0.710051573751652,0.1222462138275271,589308.0,121517.0,5.0,49.9,15.76,71.01,12.22
6657,華安,-2.92,0.7599687255668491,-35.87112327339067,0.05554267625729466,-0.28830724567179866,-222410.0,-130580.0,,76.0,-3587.11,5.55,-28.83
6658,聯策,1.38,0.22511517161760092,0.04451204659808336,0.5580046311904185,0.027386675954754035,2232.0,-125483.0,5.0,22.51,4.45,55.8,2.74
6666,羅麗芬-KY,2.42,0.654694817120287,0.11045381195573653,0.2513243567888776,0.06344048292841471,497681.0,205593.0,5.0,65.47,11.05,25.13,6.34
6668,中揚光,-1.93,0.13962540777584018,-0.17595021456387683,0.40781794077684325,-0.09228432620226473,12218.0,-294818.0,1.0,13.96,-17.6,40.78,-9.23
6669,緯穎,275.06,0.08252556102117795,0.06723464588109537,0.6314113038056755,0.41008447931542824,-624481.0,-14390633.0,5.0,8.25,6.72,63.14,41.01
6670,復盛應用,22.45,0.2544610637294243,0.15549408998180447,0.38255438362473854,0.22160453750670164,3654236.0,1473171.0,5.0,25.45,15.55,38.26,22.16
6671,三能-KY,2.37,0.3803387874632311,0.09771255104325323,0.20735268121651643,0.0849156312426505,181755.0,227337.0,5.0,38.03,9.77,20.74,8.49
6672,騰輝電子-KY,4.85,0.3219752739039446,0.09412541254125413,0.286320269141329,0.09700495162573568,225012.0,119412.0,5.0,32.2,9.41,28.63,9.7
6674,鋐寶科技,-1.13,0.34625883108542066,-0.11151085153072147,0.23255078357326908,-0.08353438571145139,-121200.0,-157556.0,3.0,34.63,-11.15,23.26,-8.35
6689,伊雲谷,2.31,0.10472182543690473,0.007405216404307405,0.4777735851051597,0.045898111049056264,360732.0,-113328.0,5.0,10.47,0.74,47.78,4.59
6691,洋基工程,24.76,0.1908107792278328,0.16632941277737548,0.6115057842558647,0.39318314983918884,1748685.0,1568188.0,5.0,19.08,16.63,61.15,39.32
6695,芯鼎,-1.83,0.3920481146364973,-0.22109457244513145,0.15893654423378378,-0.11309569348767387,4114.0,-38108.0,,39.2,-22.11,15.89,-11.31
6698,旭暉應材,-1.65,0.23848836646332186,0.0030086732788313897,0.34540114626136403,-0.03929971261686775,31741.0,-3387.0,1.0,23.85,0.3,34.54,-3.93
6706,惠特,-3.92,0.1524413714925821,-0.3381023096602732,0.5045608998084863,-0.08030000331100706,-356206.0,-752369.0,3.0,15.24,-33.81,50.46,-8.03
6715,嘉基,1.8,0.37107679892977097,0.10066365625081826,0.22857792271877322,0.034969248760676724,318574.0,168490.0,5.0,37.11,10.07,22.86,3.5
6719,力智,6.58,0.3482915819469865,0.14576761760073867,0.1626456527701656,0.04915300132709208,971924.0,253469.0,5.0,34.83,14.58,16.26,4.92
6722,輝創,2.9,0.21755953081479737,0.04927523439645365,0.5435944700845289,0.10334140515502879,467294.0,35267.0,3.0,21.76,4.93,54.36,10.33
6742,澤米,-1.52,-0.03823433344220988,-0.23895665157948764,0.260452328440648,-0.08521735129169969,-13218.0,-75587.0,4.0,-3.82,-23.9,26.05,-8.52
6743,安普新,0.71,0.19005006105336686,0.07920837293002914,0.7068161486838122,0.039246051854518724,124813.0,-321636.0,5.0,19.01,7.92,70.68,3.92
6753,龍德造船,5.98,0.19908324538301325,0.16339107715808357,0.5759612234144278,,1380522.0,439533.0,5.0,19.91,16.34,57.6,
6754,匯僑設計,3.41,0.23828676928514564,0.06824041056454323,0.4779480621561023,0.09673643006375116,787452.0,747095.0,5.0,23.83,6.82,47.79,9.67
6756,威鋒電子,1.11,0.48498235609085805,-0.07070272432279,0.2487173569106708,0.01910782040894907,75337.0,-175868.0,5.0,48.5,-7.07,24.87,1.91
6757,台灣虎航,5.37,0.27665914326479585,0.18981471317506238,0.71621794816361,,6881646.0,4157620.0,2.0,27.67,18.98,71.62,
6768,志強-KY,6.77,0.1982326565825245,0.08418757287792084,0.31616887447439884,0.08996098138357239,1976807.0,-24700.0,5.0,19.82,8.42,31.62,9.0
6770,力積電,-1.86,-0.032890932662628054,-0.1275425548403874,0.5410924216264874,-0.09527612418737533,7823459.0,11377055.0,3.0,-3.29,-12.75,54.11,-9.53
6771,平和環保-創,3.64,0.46930226236436656,0.25546336238281236,0.3574085278017862,0.12752049584193226,170302.0,158396.0,5.0,46.93,25.55,35.74,12.75
6776,展碁國際,4.2,0.05966600976277055,0.015511214352951937,0.7271042719369846,0.11745533597430247,-663257.0,-1184796.0,5.0,5.97,1.55,72.71,11.75
6781,AES-KY,38.2,0.35907927672670614,0.2422980158756943,0.3217698309956904,0.19421094159965943,2678073.0,2241341.0,5.0,35.91,24.23,32.18,19.42
6782,視陽,14.08,0.4523858685357075,0.2733737450274673,0.25965712849238193,0.2004866246071049,1352327.0,620181.0,5.0,45.24,27.34,25.97,20.05
6789,采鈺,4.01,0.24685148007958677,0.1493347406314135,0.17484533047954515,,3671576.0,1908826.0,5.0,24.69,14.93,17.48,
6790,永豐實,3.03,0.26037588203768963,0.09369507740419414,0.4485651766881453,0.14012866037484897,1251261.0,-20603.0,5.0,26.04,9.37,44.86,14.01
6792,詠業,2.23,0.3203902600619383,0.08767630995906235,0.21995890206287902,0.06853427861864848,232885.0,332475.0,5.0,32.04,8.77,22.0,6.85
6794,向榮生技,-1.89,0.6304022854864963,-4.327741421120819,0.08517545231984372,-0.3284120073762856,-91310.0,-264800.0,,63.04,-432.77,8.52,-32.84
6796,晉弘,0.2,0.4230687235499834,0.027091469619240718,0.5257599395305986,0.010364049827936648,-16157.0,-55809.0,5.0,42.31,2.71,52.58,1.04
6799,來頡,3.7,0.48194462404245525,0.2145179560654415,0.12990467652205573,0.09508047633962963,357407.0,23351.0,5.0,48.19,21.45,12.99,9.51
6805,富世達,31.0,0.2634436475797753,0.20335582688157577,0.5099618289769748,0.2954843709441805,1971351.0,1609115.0,5.0,26.34,20.34,51.0,29.55
6806,森崴能源,-60.0,-0.6594979439922432,-0.7029084138092758,0.9990774211520247,-14.752701503231394,-7026539.0,-12930443.0,5.0,-65.95,-70.29,99.91,-1475.27
6807,峰源-KY,4.69,0.18534242340513665,0.07263324206045589,0.292636210528258,0.09707912216393372,114334.0,-6487.0,5.0,18.53,7.26,29.26,9.71
6830,汎銓,-0.71,0.2369640423620715,0.025652159344767646,0.5130831891976114,-0.012061252773259366,742835.0,-444633.0,5.0,23.7,2.57,51.31,-1.21
6831,邁科,4.94,0.23448604924456812,0.11507294011414647,0.4383713258071761,0.10668256731904995,-240411.0,-682241.0,4.0,23.45,11.51,43.84,10.67
6834,天二科技,0.5,0.17904748326732514,0.031221280845463956,0.35670885962394144,0.030957084157556346,129041.0,-44771.0,5.0,17.9,3.12,35.67,3.1
6835,圓裕,0.97,0.2164324017223926,0.059293704745067996,0.5487149155561779,0.03442022921986428,83776.0,-572707.0,5.0,21.64,5.93,54.87,3.44
6838,台新藥,-0.55,-0.16829910479199578,-17.96850974196946,0.2964725376273275,-0.057374646355704544,-95643.0,-163933.0,,-16.83,-1796.85,29.65,-5.74
6854,錼創科技-KY創,-1.02,0.42441290173677226,-0.10179846695339166,0.24978993421647058,-0.03019174478730126,-692720.0,-1249904.0,,42.44,-10.18,24.98,-3.02
6861,睿生光電,3.84,0.2591565665747228,0.059160141442703366,0.4354459538592198,0.10957042841755875,271596.0,204436.0,5.0,25.92,5.92,43.54,10.96
6862,三集瑞-KY,8.29,0.4022420265893637,0.24622393431133088,0.32943890638793416,0.1388888981963016,585613.0,-469905.0,4.0,40.22,24.62,32.94,13.89
6863,永道-KY,3.0,0.22307117435201518,0.08887635742107453,0.357042065128395,0.037831216718594206,807410.0,71538.0,4.0,22.31,8.89,35.7,3.78
6869,雲豹能源,-4.2,0.10796024323411725,0.017681842512630174,0.6533525567927787,-0.11025727405563272,-369904.0,-579513.0,5.0,10.8,1.77,65.34,-11.03
6873,泓德能源,3.59,0.2567588115612778,0.10105041330061083,0.6317695323344353,0.04787432802873837,-2739331.0,-9998449.0,5.0,25.68,10.11,63.18,4.79
6885,全福生技,-3.32,0.22768670309653916,-82.50892531876138,0.040533095225198754,-0.27245004438015513,-329171.0,320767.0,,22.77,-8250.89,4.05,-27.25
6887,寶綠特-KY,4.58,0.22899749339419065,0.08257183393553816,0.3746353860120439,0.11302904615087601,239015.0,137453.0,3.0,22.9,8.26,37.46,11.3
6890,來億-KY,13.02,0.16028651743155561,0.095373292645354,0.30288756281936086,0.14135331096615295,3815515.0,2326652.0,4.0,16.03,9.54,30.29,14.14
6901,鑽石投資,-1.38,1.0,1.1467719543442814,0.014723043238120659,,-264057.0,2638335.0,2.0,100.0,114.68,1.47,
6902,GOGOLOOK,1.58,0.8833543379352651,0.06042170117240978,0.4573667699442766,0.07695869790788282,-157325.0,-239770.0,,88.34,6.04,45.74,7.7
6906,現觀科,1.87,0.8680330175944488,0.16500755360763747,0.1897324608262108,0.08410820878097557,60459.0,66101.0,5.0,86.8,16.5,18.97,8.41
6908,宏碁遊戲-創,1.44,0.11564685590084199,0.01496680501381359,0.5305930182141609,0.04088170929002819,251914.0,-226593.0,4.0,11.56,1.5,53.06,4.09
6909,創控,1.01,0.5958371595846234,0.15226725805690558,0.13987077187436886,,60506.0,-214155.0,4.0,59.58,15.23,13.99,
6914,阜爾運通,9.6,0.21895408549182693,0.15678485555438343,0.6422146483221259,0.17203669345410774,2913658.0,2146457.0,4.0,21.9,15.68,64.22,17.2
6916,華凌,-1.44,0.2391538655548287,-0.03905258636317063,0.5716642761426247,-0.0930699524841253,-59880.0,-362722.0,5.0,23.92,-3.91,57.17,-9.31
6918,愛派司,5.16,0.6860439937743079,0.2497478738256543,0.18351366678301081,0.13425938024385745,158912.0,85405.0,4.0,68.6,24.97,18.35,13.43
6919,康霈*,-0.23,0.6972158687593659,-18.593054131503536,0.006719156403781,-0.0373965192730463,-425901.0,-6050175.0,,69.72,-1859.31,0.67,-3.74
6921,嘉雨思-創,0.35,0.5747775759628113,0.08191977341994273,0.23679485142221515,,-30397.0,-43764.0,,57.48,8.19,23.68,
6923,中台,3.03,0.383367315501061,0.30950196796560475,0.3713871139793606,0.10700096858191292,417953.0,-21313.0,4.0,38.34,30.95,37.14,10.7
6924,榮惠-KY創,5.68,0.22439672696592528,0.0904677812553322,0.4629601307092019,0.20563842533905222,205258.0,194933.0,4.0,22.44,9.05,46.3,20.56
6928,攸泰科技,-0.73,0.2638444534119086,-0.05746655601154265,0.23080224262266372,-0.030602906603870335,129163.0,477906.0,4.0,26.38,-5.75,23.08,-3.06
6931,青松健康,1.39,0.13160695946138704,0.0508435440618492,0.5471769150291456,0.08189267421011083,-71630.0,-153761.0,4.0,13.16,5.08,54.72,8.19
6933,AMAX-KY,5.04,0.1248328093679711,0.034691635709414276,0.42646963482692546,0.09296194006009005,-1017779.0,-1012021.0,3.0,12.48,3.47,42.65,9.3
6934,心誠鎂,-3.92,0.24861823333399843,-1.1940858391364209,0.348501435892554,-0.438744198668216,-66127.0,-140653.0,,24.86,-119.41,34.85,-43.87
6936,永鴻生技,1.82,0.319091857904898,0.11024756341614635,0.1893032117583016,,288932.0,-47836.0,4.0,31.91,11.02,18.93,
6937,天虹,3.01,0.4009278077701339,0.08644837537856749,0.23580590722462172,0.05793391135309805,37639.0,230743.0,4.0,40.09,8.64,23.58,5.79
6944,兆聯實業,32.29,0.22606331573357435,0.18418622070072935,0.48165240409981797,0.2954655885577594,2944745.0,1852185.0,4.0,22.61,18.42,48.17,29.55
6949,沛爾生醫-創,-7.23,-0.13973396130346233,-14.872390529531568,0.19802293789724107,-0.3183591428597551,-281287.0,-778429.0,,-13.97,-1487.24,19.8,-31.84
6951,青新-創,5.39,0.5896845833665466,0.40786745177139544,0.2925877843338727,0.215472059143292,472358.0,140984.0,4.0,58.97,40.79,29.26,21.55
6952,大武山,-1.08,0.18540317168065132,0.014268705689944688,0.5378821753006714,-0.04211191848863409,120914.0,-436532.0,4.0,18.54,1.43,53.79,-4.21
6955,邦睿生技-創,4.13,0.7786991482401643,0.3263098786511572,0.10900101962287845,0.15981272421411055,99992.0,-118669.0,3.0,77.87,32.63,10.9,15.98
6957,裕慶-KY,10.18,0.40217944188316246,0.17166589562330684,0.4745604935940593,0.21012903736392233,569652.0,399743.0,5.0,40.22,17.17,47.46,21.01
6958,日盛台駿,-2.38,0.306508007341284,-0.15464666891174148,0.8674062373508884,-0.09469149876389509,17210147.0,12515131.0,4.0,30.65,-15.46,86.74,-9.47
6962,奕力-KY,2.87,0.2714643435942336,0.08949692089156602,0.2187818341357141,0.0681688336697587,249364.0,-4023591.0,3.0,27.15,8.95,21.88,6.82
6965,中傑-KY,3.5,0.1160580787602373,0.02082327956835928,0.29722785679148983,0.046212802104205634,1961868.0,603952.0,4.0,11.61,2.08,29.72,4.62
6969,成信實業*-創,-0.09,0.2993824417984717,0.04825506486582548,0.7064306712174568,-0.010930710619283841,115477.0,97591.0,,29.94,4.83,70.64,-1.09
6988,威力暘-創,-1.13,0.2645554420579074,-0.05844273089651498,0.38788122098218786,-0.07420096649643669,115616.0,91680.0,4.0,26.46,-5.84,38.79,-7.42
6994,富威電力,6.34,0.24292182575833787,0.14125707556906153,0.6069558017385037,0.17859658639747794,56634.0,-563814.0,3.0,24.29,14.13,60.7,17.86
7610,聯友金屬-創,5.45,0.3077580913798906,0.2200316035343025,0.46729616515077876,0.1511896226698888,-360676.0,-546617.0,4.0,30.78,22.0,46.73,15.12
7631,聚賢研發-創,6.56,0.27526499971880913,0.13931919154903516,0.4329783044922971,0.15037089712153393,216241.0,180677.0,4.0,27.53,13.93,43.3,15.04
7705,三商餐飲,1.92,0.3531894377234657,0.020340433217416857,0.5979544028402436,0.08206465445338292,945162.0,551556.0,3.0,35.32,2.03,59.8,8.21
7711,永擎,13.04,0.08537838581323497,0.03856739012080269,0.5838934611508655,0.16558034884444608,1128219.0,1096544.0,3.0,8.54,3.86,58.39,16.56
7721,微程式,0.55,0.6817083473647519,0.06100565392318463,0.19831016625783593,0.022430568004104416,175761.0,-112688.0,3.0,68.17,6.1,19.83,2.24
7722,LINEPAY,7.46,0.3269045594997157,0.0746625636877217,0.47341412427232543,0.04698206881812947,320871.0,-20210.0,2.0,32.69,7.47,47.34,4.7
7730,暉盛-創,1.73,0.44889350104255676,0.14278687670825962,0.22977207369086936,0.060861994080580295,4031.0,-58573.0,3.0,44.89,14.28,22.98,6.09
7732,金興精密,1.73,0.2962976864774603,0.12415992793300845,0.18070356692588335,0.06119451928241253,158645.0,-9726.0,3.0,29.63,12.42,18.07,6.12
7736,虎山,5.04,0.30294715410511486,0.1834017809603821,0.15890110767092155,0.10325950994953863,329099.0,131342.0,4.0,30.29,18.34,15.89,10.33
7740,熙特爾-創,4.9,0.15470198073024546,0.08329600032598763,0.826659996768775,0.22044195792692137,532616.0,45421.0,1.0,15.47,8.33,82.67,22.04
7749,意騰-KY,11.77,0.7612709498172618,0.36234531070519393,0.10290451281439358,0.1382293599202137,638060.0,-622548.0,3.0,76.13,36.23,10.29,13.82
7750,新代,35.12,0.45752636774837674,0.2021523555226753,0.3560005685273669,0.20076874573928996,2767814.0,1924472.0,4.0,45.75,20.22,35.6,20.08
7760,享溫馨,0.68,0.3608973063308157,0.04128981396080035,0.548309317838169,,183936.0,-43519.0,3.0,36.09,4.13,54.83,
7765,中華資安,11.47,0.4694779450226587,0.2590813318537131,0.2756499870087324,,416698.0,-115762.0,3.0,46.95,25.91,27.56,
7768,頌勝科技,3.24,0.5091807453240548,0.15870800130857804,0.4988959887821992,0.11183110695351121,248260.0,-465238.0,2.0,50.92,15.87,49.89,11.18
7769,鴻勁,75.71,0.565354564036917,0.49703972085148557,0.20798397512064545,0.21302030836309957,16185750.0,16754388.0,2.0,56.54,49.7,20.8,21.3
7780,大研生醫*,0.51,0.6362387201867564,0.15208362245783708,0.07948160647398265,0.06207704846708548,272590.0,-2762645.0,2.0,63.62,15.21,7.95,6.21
7786,東方風能,11.11,0.24828493499749732,0.21903170571201439,0.3519277242207253,,2179380.0,-3724505.0,3.0,24.83,21.9,35.19,
7788,松川精密,3.63,0.27043187860719503,0.07259556992496118,0.439773504253297,0.04552389644412589,431461.0,-66965.0,3.0,27.04,7.26,43.98,4.55
7791,皇家可口,5.61,0.34516540012755914,0.13675906686302292,0.13393630144720925,0.11097702341451768,294720.0,72980.0,3.0,34.52,13.68,13.39,11.1
7795,長廣,3.11,0.44797854459425995,0.21544083166042288,0.3846615841427733,0.13842878601855038,-92867.0,-129333.0,3.0,44.8,21.54,38.47,13.84
7799,禾榮科,-3.31,-2.5011641443538997,-51.83575863407062,0.007712838909244421,,-484401.0,-9246096.0,,-250.12,-5183.58,0.77,
7803,雲象科技-創,-2.29,0.3993354041753955,-1.1059070597826648,0.13430012968988192,-0.334923961930043,-109381.0,-33664.0,,39.93,-110.59,13.43,-33.49
7818,溢泰實業,5.65,0.30261858025166627,0.09076170602209958,0.4569094734076265,0.10637810139391381,1614803.0,1342186.0,2.0,30.26,9.08,45.69,10.64
7821,神數,2.99,0.24513487085568575,0.03709526287766511,0.6823632244714318,0.1487251393651639,231657.0,39247.0,1.0,24.51,3.71,68.24,14.87
7822,倍利科,14.04,0.6142940291618123,0.33460486235782627,0.610247535824068,0.5700862978365625,960214.0,868738.0,1.0,61.43,33.46,61.02,57.01
7823,奧義賽博-KY創,-1.49,0.8138080248570476,-0.10864384308175333,0.4880730463496798,-0.15015703333788502,32683.0,33824.0,,81.38,-10.86,48.81,-15.02
8011,台通,1.3,0.25896309530520706,0.13549163617896462,0.46552205012782244,0.08057093037891137,711386.0,616700.0,2.0,25.9,13.55,46.55,8.06
8016,矽創,14.66,0.30621496803588183,0.11178026529091883,0.2559822509514236,0.18174853174867475,3105410.0,4396347.0,5.0,30.62,11.18,25.6,18.17
8021,尖點,2.75,0.3085015682169854,0.14896133968722733,0.3185861061173658,0.09476871704198404,676835.0,-31996.0,5.0,30.85,14.9,31.86,9.48
8028,昇陽半導體,4.37,0.340345801067814,0.2150569442390179,0.5802534552328084,0.10873203294344815,1401133.0,-1787850.0,5.0,34.03,21.51,58.03,10.87
8033,雷虎,0.58,0.3733539869800572,-0.025629106474651418,0.3263757276654922,0.04182533937949167,-53401.0,-355030.0,,37.34,-2.56,32.64,4.18
8039,台虹,2.07,0.19237726025124793,0.0462903791340542,0.26046535848782665,0.048185113803230546,707466.0,497745.0,5.0,19.24,4.63,26.05,4.82
8045,達運光電,0.64,0.3893953166327856,0.06216085810164996,0.21172115214425455,0.029901710635434953,-207678.0,-228920.0,5.0,38.94,6.22,21.17,2.99
8046,南電,3.01,0.09078368326579625,0.04934696172726999,0.2464490321905205,0.04220843124024264,3026994.0,1304332.0,5.0,9.08,4.93,24.64,4.22
8070,長華*,1.02,0.18484160113436593,0.11149858049233714,0.4471001671705384,0.07903555411242107,2637990.0,1700164.0,5.0,18.48,11.15,44.71,7.9
8072,陞泰,1.11,0.16468776988053418,0.04728404300800618,0.09649650119224659,0.04423895613951898,-108034.0,-276153.0,5.0,16.47,4.73,9.65,4.42
8081,致新,17.76,0.38980001216292737,0.19352163714387233,0.18450947595104766,0.19071386801438645,1282735.0,1228441.0,5.0,38.98,19.35,18.45,19.07
8101,華冠,-3.15,0.1879773821818219,-0.23549831797871143,0.4960587288081962,-0.391046574916414,-68578.0,-79288.0,,18.8,-23.55,49.61,-39.1
8103,瀚荃,3.92,0.37412090777690027,0.13395043883830782,0.35814554767305895,0.08914958761132703,646231.0,426975.0,5.0,37.41,13.4,35.81,8.91
8104,錸寶,-0.55,0.1569259410774373,0.037990937065200535,0.6306235881313507,-0.003214772357871208,-226104.0,-2044090.0,5.0,15.69,3.8,63.06,-0.32
8105,凌巨,-0.3,0.059454645506782026,-0.01817064956006101,0.2732868755859101,-0.016782435759253363,421140.0,187240.0,3.0,5.95,-1.82,27.33,-1.68
8110,華東,2.48,0.0325773979418873,-0.03883758188160931,0.25754178749257617,0.0925087214240694,1304804.0,740960.0,5.0,3.26,-3.88,25.75,9.25
8112,至上,5.02,0.032640514972424185,0.022929446699380178,0.7592617864246467,0.15103670430712798,-16504606.0,-16998199.0,5.0,3.26,2.29,75.93,15.1
8114,振樺電,18.5,0.4841920443419822,0.2535294684519432,0.25354691648916655,0.34501185714983423,5213316.0,3830765.0,5.0,48.42,25.35,25.35,34.5
8131,福懋科,1.36,0.10837188374641475,0.0717762393450475,0.1199957979839089,,427494.0,-429624.0,5.0,10.84,7.18,12.0,
8150,南茂,0.7,0.10832017849905361,0.047745697345495115,0.47062665078012045,0.020622688852213706,3996440.0,256953.0,5.0,10.83,4.77,47.06,2.06
8162,微矽電子-創,1.57,0.2519577995454877,0.09913921929629824,0.4172067507027718,0.12472068280828616,405936.0,-117403.0,4.0,25.2,9.91,41.72,12.47
8163,達方,0.51,0.15863258199915162,-0.0027980605728785543,0.6153481072388688,-0.014631870687489022,999608.0,266804.0,5.0,15.86,-0.28,61.53,-1.46
8201,無敵,-0.35,0.2452395779057108,-0.07259352455509381,0.3341290402705692,-0.04775175506893403,8881.0,3028.0,,24.52,-7.26,33.41,-4.78
8210,勤誠,29.06,0.2997151537133647,0.21668830171253206,0.5277736886229766,0.33630572101485623,3086926.0,2593660.0,5.0,29.97,21.67,52.78,33.63
8213,志超,2.27,0.11525627877193156,0.047967510303970534,0.4625773995190551,0.037157709267954364,604570.0,-3261139.0,5.0,11.53,4.8,46.26,3.72
8215,明基材,-1.14,0.14450303527656222,-0.02108216497996608,0.6745508721309578,-0.06705411957505182,402684.0,-1376271.0,5.0,14.45,-2.11,67.46,-6.71
8222,寶一,0.55,0.1852125096902754,0.06593445471714801,0.5846942519664713,,14671.0,-82424.0,3.0,18.52,6.59,58.47,
8249,菱光,4.03,0.205291665983541,0.095070395090311,0.2642579968618014,0.05637245956187314,259416.0,84690.0,5.0,20.53,9.51,26.43,5.64
8261,富鼎,5.73,0.3738501884313856,0.25250965350465626,0.10804553359084806,0.11463062519436454,576955.0,1029694.0,5.0,37.39,25.25,10.8,11.46
8271,宇瞻,6.7,0.20744904259446847,0.092060361012492,0.44529989825344957,0.17457629139467645,-2053538.0,-1179752.0,5.0,20.74,9.21,44.53,17.46
8341,日友,4.48,0.4319524877523148,0.2375482076405508,0.4226809268836134,0.12945217342735618,1462049.0,1092238.0,5.0,43.2,23.75,42.27,12.95
8367,建新國際,3.8,0.3205756771267058,0.2131778740862696,0.7274274778312423,0.14017482090878985,1123189.0,48091.0,5.0,32.06,21.32,72.74,14.02
8374,羅昇,-0.55,0.24992232822605773,0.026017567779316703,0.4612008546058212,0.03244790515789111,308480.0,235793.0,5.0,24.99,2.6,46.12,3.24
8404,百和興業-KY,1.43,0.38481488197949143,0.16565620490306246,0.6407417010274928,0.08354642666914011,1027960.0,-567840.0,5.0,38.48,16.57,64.07,8.35
8411,福貞-KY,-0.69,0.06433491775919775,-0.0072368074450164166,0.5493305676004187,-0.02592035807111539,705179.0,369685.0,5.0,6.43,-0.72,54.93,-2.59
8422,可寧衛*,1.29,0.5313176346783296,0.4059634107177788,0.5730359524163496,0.16908085486482066,2124700.0,-103994.0,5.0,53.13,40.6,57.3,16.91
8429,金麗-KY,0.12,0.169720379658092,-0.08108855093566306,0.09899602459319984,0.0033801624883558782,13442.0,13370.0,,16.97,-8.11,9.9,0.34
8438,昶昕,2.1,0.12930732892765406,0.06023336495121441,0.37548593471551145,0.07645836331291593,256237.0,196164.0,5.0,12.93,6.02,37.55,7.65
8442,威宏-KY,4.18,0.19135467970260228,0.058662821470624515,0.46271678220117685,0.07616067781143727,38148.0,-197630.0,5.0,19.14,5.87,46.27,7.62
8443,阿瘦,-1.46,0.5651241693494068,-0.09798747527838926,0.5824503499900772,-0.14582474342731627,137714.0,136949.0,,56.51,-9.8,58.25,-14.58
8454,富邦媒,11.29,0.09128340245696717,0.030843736188459675,0.6380739420561268,0.30906836114618036,3355363.0,1294038.0,5.0,9.13,3.08,63.81,30.91
8462,柏文,8.49,0.31934009156419135,0.14847263872700386,0.8020053823653212,0.28388755576599417,2219894.0,1541783.0,5.0,31.93,14.85,80.2,28.39
8463,潤泰材,1.85,0.12757765506087226,0.07619972084058003,0.6931323377644666,0.19271540597618078,241225.0,-323871.0,4.0,12.76,7.62,69.31,19.27
8464,億豐,22.53,0.5880244782283185,0.29753059152893296,0.24025610696397803,0.23117780280560524,7052028.0,5439050.0,5.0,58.8,29.75,24.03,23.12
8466,美吉吉-KY,-0.81,0.15092090682171352,0.022982280586104905,0.5276800817636229,-0.020546014666541396,578340.0,621457.0,4.0,15.09,2.3,52.77,-2.05
8467,波力-KY,10.03,0.4197260924935235,0.25154050363266994,0.3853452398911113,0.17688923242399343,985887.0,785089.0,3.0,41.97,25.15,38.53,17.69
8473,山林水,2.55,0.236616356999919,0.17857762418298423,0.5082057881866509,0.08352948001911606,1640167.0,1398450.0,4.0,23.66,17.86,50.82,8.35
8476,台境*,0.52,0.1846519402040342,0.09070933945205163,0.5503089890800867,0.04900070238171254,-277302.0,-333471.0,4.0,18.47,9.07,55.03,4.9
8478,東哥遊艇,13.25,0.39041383932343326,0.22391851134524637,0.44044145618077957,0.13748599281935625,796683.0,-13653.0,5.0,39.04,22.39,44.04,13.75
8481,政伸,3.25,0.47330846482015554,0.20670262679676987,0.10867723531387675,0.12407046671117872,313957.0,-55519.0,5.0,47.33,20.67,10.87,12.41
8482,商億-KY,2.3,0.3205841820050453,0.08709415584415585,0.3256170215674531,0.07777943041900517,370509.0,94913.0,5.0,32.06,8.71,32.56,7.78
8487,愛爾達-創,4.03,0.2719913912930031,0.12353828059323173,0.3376604510466809,,-159351.0,8078.0,5.0,27.2,12.35,33.77,
8488,吉源-KY,-2.05,0.035940487814058654,-0.041928243627321664,0.5449223949536409,-0.06422288452074842,28327.0,-107698.0,2.0,3.59,-4.19,54.49,-6.42
8499,鼎炫-KY,10.13,0.4417296124371687,0.23182595380009338,0.24572396899744287,0.08009242192848491,488449.0,-3988163.0,5.0,44.17,23.18,24.57,8.01
8926,台汽電,2.45,0.14242124338124887,0.07833626901542255,0.48773546314702854,0.11333466835515865,3014767.0,-1588312.0,5.0,14.24,7.83,48.77,11.33
8940,新天地,0.55,0.49113520845941616,0.0426875309762323,0.6022541238155097,0.058832018156653614,237308.0,133503.0,,49.11,4.27,60.23,5.88
8996,高力,9.07,0.27337594024152423,0.15557128861507488,0.48604870298698494,0.1987969318671185,597889.0,379028.0,5.0,27.34,15.56,48.6,19.88
9802,鈺齊-KY,6.05,0.18290234895415242,0.09204023005287247,0.3657428202692483,0.0879009002348306,1939493.0,-374526.0,5.0,18.29,9.2,36.57,8.79
9902,台火,-0.47,0.0715112254764685,-0.015196267509259896,0.06729292011664158,-0.039078227249898595,102909.0,79864.0,5.0,7.15,-1.52,6.73,-3.91
9904,寶成,4.1,0.23121512997628416,0.04601070160605952,0.3694928197249917,0.12954233349145883,14880524.0,1373515.0,5.0,23.12,4.6,36.95,12.95
9905,大華,1.3,0.09624401782867961,0.045497627666918956,0.27436326224561247,0.0478005968552168,519547.0,692770.0,5.0,9.62,4.55,27.44,4.78
9906,欣巴巴,0.09,0.32834372374591797,0.05874588324421571,0.8486178976804692,0.006329932013217011,-1619283.0,-1624357.0,5.0,32.83,5.87,84.86,0.63
9907,統一實,1.36,0.14137311963795468,0.06995858867795458,0.35358590512066584,0.09787578525644994,5550022.0,3497034.0,5.0,14.14,7.0,35.36,9.79
9908,大台北,1.72,0.22980642442230081,0.14608253451139008,0.26844476793299893,0.06594568825369493,1028657.0,-278212.0,5.0,22.98,14.61,26.84,6.59
9910,豐泰,5.1,0.22449494487757768,0.08905438681565647,0.47191969632758846,0.21022017367285611,8722059.0,6284423.0,5.0,22.45,8.91,47.19,21.02
9911,櫻花,6.27,0.35320598699414724,0.15314165362074747,0.373684516106074,0.19857498128969164,1329645.0,913831.0,5.0,35.32,15.31,37.37,19.86
9912,偉聯,-1.12,0.4154238386008705,-0.12004020759441675,0.514903958521731,-0.18068217582202134,-36018.0,-43372.0,,41.54,-12.0,51.49,-18.07
9914,美利達,4.01,0.140993284003486,0.06216519009621387,0.4368862296337355,0.06271894669622533,2441471.0,2443874.0,5.0,14.1,6.22,43.69,6.27
9917,中保科,6.77,0.3255132137835033,0.16061971641337444,0.5399183294855429,0.22435832612049328,4319530.0,2675138.0,5.0,32.55,16.06,53.99,22.44
9918,欣天然,1.61,0.2983207346596993,0.16088739373905464,0.43498162782297634,0.08627609351999664,654133.0,367773.0,5.0,29.83,16.09,43.5,8.63
9919,康那香,-2.43,0.025151273374648193,-0.20703230353779575,0.6526740265095029,-0.22534244361066685,-97975.0,-234484.0,5.0,2.52,-20.7,65.27,-22.53
9921,巨大,1.84,0.19811559946687657,0.017943284494000834,0.4692755946123655,0.025436038873364576,11148175.0,9207748.0,5.0,19.81,1.79,46.93,2.54
9924,福興,3.08,0.21984617597293182,0.09790138761775087,0.22124611073138742,0.0767429836825729,303606.0,2278.0,5.0,21.98,9.79,22.12,7.67
9925,新保,2.37,0.332421826686859,0.09429532569457814,0.2874378373057249,0.07507432201714914,1573114.0,1345211.0,5.0,33.24,9.43,28.74,7.51
9926,新海,2.68,0.2617772514246961,0.1838466288097335,0.5221761917379015,0.11394016324189117,809131.0,9051.0,5.0,26.18,18.38,52.22,11.39
9927,泰銘,4.26,0.1242564914535113,0.0953942386078605,0.11206145103951938,0.1168369793038056,450582.0,435316.0,5.0,12.43,9.54,11.21,11.68
9928,中視,-1.4,0.013209560707949717,-0.1761214147629314,0.6003738004753908,-0.04626000978688157,-58609.0,-81050.0,,1.32,-17.61,60.04,-4.63
9929,秋雨,-0.07,0.14370473606162973,0.022082033485315563,0.558844413831798,-0.01617896337872371,145728.0,107230.0,1.0,14.37,2.21,55.88,-1.62
9930,中聯資源,4.96,0.15091909420826416,0.11178079309380687,0.40616229296725836,0.19018556742304268,1890583.0,1457302.0,5.0,15.09,11.18,40.62,19.02
9931,欣高,2.45,0.1817759193634683,0.12537281833121508,0.4943170017302986,0.0921803003755905,682894.0,160762.0,5.0,18.18,12.54,49.43,9.22
9933,中鼎,1.91,0.10207781458269519,0.04410082615197588,0.8178187490044032,0.13599958567674647,9712115.0,15436651.0,5.0,10.21,4.41,81.78,13.6
9934,成霖,-0.29,0.34143533706598134,0.014384089502585915,0.6177358577808262,-0.019489598164847334,475028.0,342894.0,4.0,34.14,1.44,61.77,-1.95
9935,慶豐富,1.64,0.26071430667359835,0.10856883482035079,0.662083657219797,0.10965744089870529,495772.0,-179180.0,5.0,26.07,10.86,66.21,10.97
9937,全國,2.36,0.1224994783278954,0.03397549276721145,0.5157767761252211,0.12535878725913924,987549.0,907884.0,5.0,12.25,3.4,51.58,12.54
9938,百和,4.1,0.3527258993480246,0.16322921247274771,0.5040127548650801,0.11417763553001692,2334647.0,398740.0,5.0,35.27,16.32,50.4,11.42
9939,宏全,9.1,0.22251583672549508,0.13009794760968868,0.5604585329687058,0.14039097401453196,5566764.0,-2345963.0,5.0,22.25,13.01,56.05,14.04
9940,信義,0.28,0.19374048926265847,0.03684713302136733,0.5777265323350088,0.016964732699375706,1738909.0,2398285.0,5.0,19.37,3.68,57.77,1.7
9941,裕融,7.68,0.44003854508246837,0.14044976968119502,0.8562199064836996,0.11299138565391398,17110851.0,11849632.0,5.0,44.0,14.04,85.62,11.3
9942,茂順,8.15,0.3904205856300014,0.24049770155697744,0.23082402688890968,0.15831186894524008,914318.0,492243.0,5.0,39.04,24.05,23.08,15.83
9943,好樂迪,5.4,0.5038040677258288,0.1684582215424082,0.28253797178538476,0.1175923024624596,592625.0,869944.0,5.0,50.38,16.85,28.25,11.76
9944,新麗,-0.16,0.280672163918041,0.019834940685685525,0.3993587021944312,0.0016483009001712243,168521.0,-70282.0,5.0,28.07,1.98,39.94,0.16
9945,潤泰新,3.93,0.24050827619540305,0.17663902215709593,0.4406782392923096,0.13033697364272956,5416252.0,4526575.0,5.0,24.05,17.66,44.07,13.03
9946,三發地產,1.52,0.5349531865478869,0.388084021448381,0.6099649329554278,0.07340263111776466,-456283.0,-334347.0,5.0,53.5,38.81,61.0,7.34
9955,佳龍,0.54,0.08509607632223143,-0.011406263790006364,0.5617300458310487,0.045433504680762904,-105621.0,-86370.0,,8.51,-1.14,56.17,4.54
9958,世紀鋼,6.57,0.29289075310108886,0.22865402319632802,0.4892142723631129,0.23917083919359025,7260940.0,6056896.0,5.0,29.29,22.87,48.92,23.92
